<metadata xml:lang="en"><Esri><CreaDate>20181205</CreaDate><CreaTime>12421800</CreaTime><ArcGISFormat>1.0</ArcGISFormat><ArcGISstyle>XTools Pro Metadata</ArcGISstyle><SyncOnce>FALSE</SyncOnce><DataProperties><lineage><Process ToolSource="c:\program files (x86)\arcgis\desktop10.3\ArcToolbox\Toolboxes\Data Management Tools.tbx\CalculateField" Date="20160307" Time="233918">CalculateField AFRO_IUs_v02 LASTUPDATE 20160308 VB #</Process><Process ToolSource="c:\program files (x86)\arcgis\desktop10.3\ArcToolbox\Toolboxes\Data Management Tools.tbx\CalculateField" Date="20160307" Time="233943">CalculateField AFRO_IUs_v02 CARTO "GEOCONNECT" VB #</Process><Process ToolSource="c:\program files (x86)\arcgis\desktop10.3\ArcToolbox\Toolboxes\Data Management Tools.tbx\CalculateField" Date="20160307" Time="233955">CalculateField AFRO_IUs_v02 IUs_ADM "ADM1" VB #</Process><Process ToolSource="c:\program files (x86)\arcgis\desktop10.3\ArcToolbox\Toolboxes\Data Management Tools.tbx\CalculateField" Date="20160308" Time="001529">CalculateField AFRO_IUs_v02 ADMIN0ID 0 VB #</Process><Process ToolSource="c:\program files (x86)\arcgis\desktop10.3\ArcToolbox\Toolboxes\Data Management Tools.tbx\CalculateField" Date="20160308" Time="001544">CalculateField AFRO_IUs_v02 ADMIN0_FIP "LI" VB #</Process><Process ToolSource="c:\program files (x86)\arcgis\desktop10.3\ArcToolbox\Toolboxes\Data Management Tools.tbx\CalculateField" Date="20160308" Time="001555">CalculateField AFRO_IUs_v02 ADMIN0ISO2 "LR" VB #</Process><Process ToolSource="c:\program files (x86)\arcgis\desktop10.3\ArcToolbox\Toolboxes\Data Management Tools.tbx\CalculateField" Date="20160308" Time="001604">CalculateField AFRO_IUs_v02 ADMIN0ISO3 "LBR" VB #</Process><Process ToolSource="c:\program files (x86)\arcgis\desktop10.3\ArcToolbox\Toolboxes\Data Management Tools.tbx\CalculateField" Date="20160308" Time="001624">CalculateField AFRO_IUs_v02 IUs_ADM "ADM1" VB #</Process><Process ToolSource="c:\program files (x86)\arcgis\desktop10.3\ArcToolbox\Toolboxes\Data Management Tools.tbx\CalculateField" Date="20160308" Time="001637">CalculateField AFRO_IUs_v02 IUs_NAME [ADMIN1] VB #</Process><Process ToolSource="c:\program files (x86)\arcgis\desktop10.3\ArcToolbox\Toolboxes\Data Management Tools.tbx\CalculateField" Date="20160308" Time="001653">CalculateField AFRO_IUs_v02 LASTUPDATE 20160308 VB #</Process><Process ToolSource="c:\program files (x86)\arcgis\desktop10.3\ArcToolbox\Toolboxes\Data Management Tools.tbx\CalculateField" Date="20160308" Time="001712">CalculateField AFRO_IUs_v02 CARTO "Health" VB #</Process><Process ToolSource="c:\program files (x86)\arcgis\desktop10.3\ArcToolbox\Toolboxes\Editing Tools.tbx\Snap" Date="20160308" Time="104706">Snap AFRO_IUs_v02 "AFRO_IUs_v02 VERTEX '5000 Meters'"</Process><Process ToolSource="c:\program files (x86)\arcgis\desktop10.3\ArcToolbox\Toolboxes\Editing Tools.tbx\Densify" Date="20160308" Time="105426">Densify AFRO_IUs_v02 DISTANCE "50 Meters" "0.1 Meters" 10</Process><Process ToolSource="c:\program files (x86)\arcgis\desktop10.3\ArcToolbox\Toolboxes\Data Management Tools.tbx\CalculateField" Date="20160308" Time="112435">CalculateField AFRO_IUs_v02 IU_ID "!ADMIN0ISO3! + str( !ADMIN1ID!).zfill(5)+ str( !OBJECTID! ).zfill(4)" PYTHON_9.3 #</Process><Process ToolSource="c:\program files (x86)\arcgis\desktop10.3\ArcToolbox\Toolboxes\Data Management Tools.tbx\CalculateField" Date="20160308" Time="112624">CalculateField AFRO_IUs_v02 ADMIN3ID 0 PYTHON_9.3 #</Process><Process ToolSource="c:\program files (x86)\arcgis\desktop10.3\ArcToolbox\Toolboxes\Data Management Tools.tbx\CalculateField" Date="20160308" Time="112631">CalculateField AFRO_IUs_v02 ADMIN3 " " PYTHON_9.3 #</Process><Process ToolSource="c:\program files (x86)\arcgis\desktop10.3\ArcToolbox\Toolboxes\Data Management Tools.tbx\CalculateField" Date="20160308" Time="113126">CalculateField AFRO_IUs_v02 IU_ID "!ADMIN0ISO3! + str( !ADMIN1ID!).zfill(5)+ str( !OBJECTID! ).zfill(4)" PYTHON_9.3 #</Process><Process ToolSource="c:\program files (x86)\arcgis\desktop10.3\ArcToolbox\Toolboxes\Data Management Tools.tbx\CalculateField" Date="20160308" Time="122709">CalculateField AFRO_IUs_v02 CONTINENT "Africa" VB #</Process><Process ToolSource="c:\program files (x86)\arcgis\desktop10.3\ArcToolbox\Toolboxes\Data Management Tools.tbx\CalculateField" Date="20160308" Time="122724">CalculateField AFRO_IUs_v02 CARTO "GADM" VB #</Process><Process ToolSource="c:\program files (x86)\arcgis\desktop10.3\ArcToolbox\Toolboxes\Data Management Tools.tbx\CalculateField" Date="20160308" Time="122734">CalculateField AFRO_IUs_v02 LASTUPDATE 20160308 VB #</Process><Process ToolSource="c:\program files (x86)\arcgis\desktop10.3\ArcToolbox\Toolboxes\Data Management Tools.tbx\CalculateField" Date="20160308" Time="122806">CalculateField AFRO_IUs_v02 IUs_ADM "ADM2" VB #</Process><Process ToolSource="c:\program files (x86)\arcgis\desktop10.3\ArcToolbox\Toolboxes\Data Management Tools.tbx\CalculateField" Date="20160308" Time="122817">CalculateField AFRO_IUs_v02 IU_ID "!ADMIN0ISO3! + str( !ADMIN1ID!).zfill(5)+ str( !OBJECTID! ).zfill(4)" PYTHON_9.3 #</Process><Process ToolSource="c:\program files (x86)\arcgis\desktop10.3\ArcToolbox\Toolboxes\Data Management Tools.tbx\CalculateField" Date="20160308" Time="122859">CalculateField AFRO_IUs_v02 WHO_REGION "AFRO" PYTHON_9.3 #</Process><Process ToolSource="c:\program files (x86)\arcgis\desktop10.3\ArcToolbox\Toolboxes\Data Management Tools.tbx\CalculateField" Date="20160308" Time="122909">CalculateField AFRO_IUs_v02 REGION "Central Africa" PYTHON_9.3 #</Process><Process ToolSource="c:\program files (x86)\arcgis\desktop10.3\ArcToolbox\Toolboxes\Data Management Tools.tbx\CalculateField" Date="20160308" Time="122940">CalculateField AFRO_IUs_v02 REGION "Middle Africa" PYTHON_9.3 #</Process><Process ToolSource="c:\program files (x86)\arcgis\desktop10.3\ArcToolbox\Toolboxes\Data Management Tools.tbx\CalculateField" Date="20160308" Time="123020">CalculateField AFRO_IUs_v02 ADMIN0_FIP "AO" PYTHON_9.3 #</Process><Process ToolSource="c:\program files (x86)\arcgis\desktop10.3\ArcToolbox\Toolboxes\Data Management Tools.tbx\CalculateField" Date="20160308" Time="123029">CalculateField AFRO_IUs_v02 ADMIN0ISO3 "AGO" PYTHON_9.3 #</Process><Process ToolSource="c:\program files (x86)\arcgis\desktop10.3\ArcToolbox\Toolboxes\Data Management Tools.tbx\CalculateField" Date="20160308" Time="123035">CalculateField AFRO_IUs_v02 ADMIN0ISO2 "AO" PYTHON_9.3 #</Process><Process ToolSource="c:\program files (x86)\arcgis\desktop10.3\ArcToolbox\Toolboxes\Data Management Tools.tbx\CalculateField" Date="20160308" Time="123056">CalculateField AFRO_IUs_v02 IU_ID "!ADMIN0ISO3! + str( !ADMIN1ID!).zfill(5)+ str( !OBJECTID! ).zfill(4)" PYTHON_9.3 #</Process><Process ToolSource="c:\program files (x86)\arcgis\desktop10.3\ArcToolbox\Toolboxes\Data Management Tools.tbx\CalculateField" Date="20160308" Time="130158">CalculateField AFRO_IUs_v02 IU_ID "!ADMIN0ISO3! + str( !ADMIN1ID!).zfill(5)+ str( !OBJECTID! ).zfill(4)" PYTHON_9.3 #</Process><Process ToolSource="c:\program files (x86)\arcgis\desktop10.3\ArcToolbox\Toolboxes\Data Management Tools.tbx\CalculateField" Date="20160308" Time="141817">CalculateField AFRO_IUs_v02 CONTINENT "Africa" VB #</Process><Process ToolSource="c:\program files (x86)\arcgis\desktop10.3\ArcToolbox\Toolboxes\Data Management Tools.tbx\CalculateField" Date="20160308" Time="141837">CalculateField AFRO_IUs_v02 REGION "Southern Africa" VB #</Process><Process ToolSource="c:\program files (x86)\arcgis\desktop10.3\ArcToolbox\Toolboxes\Data Management Tools.tbx\CalculateField" Date="20160308" Time="141844">CalculateField AFRO_IUs_v02 WHO_REGION "AFRO" VB #</Process><Process ToolSource="c:\program files (x86)\arcgis\desktop10.3\ArcToolbox\Toolboxes\Data Management Tools.tbx\CalculateField" Date="20160308" Time="141852">CalculateField AFRO_IUs_v02 ADMIN0ID 83 VB #</Process><Process ToolSource="c:\program files (x86)\arcgis\desktop10.3\ArcToolbox\Toolboxes\Data Management Tools.tbx\CalculateField" Date="20160308" Time="141902">CalculateField AFRO_IUs_v02 ADMIN0_FIP "BC" VB #</Process><Process ToolSource="c:\program files (x86)\arcgis\desktop10.3\ArcToolbox\Toolboxes\Data Management Tools.tbx\CalculateField" Date="20160308" Time="141911">CalculateField AFRO_IUs_v02 ADMIN0ISO2 "BW" VB #</Process><Process ToolSource="c:\program files (x86)\arcgis\desktop10.3\ArcToolbox\Toolboxes\Data Management Tools.tbx\CalculateField" Date="20160308" Time="141918">CalculateField AFRO_IUs_v02 ADMIN0ISO3 "BWA" VB #</Process><Process ToolSource="c:\program files (x86)\arcgis\desktop10.3\ArcToolbox\Toolboxes\Data Management Tools.tbx\CalculateField" Date="20160308" Time="141929">CalculateField AFRO_IUs_v02 IUs_ADM "ADM2" VB #</Process><Process ToolSource="c:\program files (x86)\arcgis\desktop10.3\ArcToolbox\Toolboxes\Data Management Tools.tbx\CalculateField" Date="20160308" Time="141943">CalculateField AFRO_IUs_v02 IU_ID "!ADMIN0ISO3! + str( !ADMIN1ID!).zfill(5)+ str( !OBJECTID! ).zfill(4)" PYTHON_9.3 #</Process><Process ToolSource="c:\program files (x86)\arcgis\desktop10.3\ArcToolbox\Toolboxes\Data Management Tools.tbx\CalculateField" Date="20160308" Time="141959">CalculateField AFRO_IUs_v02 LASTUPDATE 20160308 PYTHON_9.3 #</Process><Process ToolSource="c:\program files (x86)\arcgis\desktop10.3\ArcToolbox\Toolboxes\Data Management Tools.tbx\CalculateField" Date="20160308" Time="142009">CalculateField AFRO_IUs_v02 CARTO "AFRO" PYTHON_9.3 #</Process><Process ToolSource="c:\program files (x86)\arcgis\desktop10.3\ArcToolbox\Toolboxes\Data Management Tools.tbx\CalculateField" Date="20160308" Time="143825">CalculateField AFRO_IUs_v02 IU_ID "!ADMIN0ISO3! + str( !ADMIN1ID!).zfill(5)+ str( !OBJECTID! ).zfill(4)" PYTHON_9.3 #</Process><Process ToolSource="c:\program files (x86)\arcgis\desktop10.3\ArcToolbox\Toolboxes\Data Management Tools.tbx\CalculateField" Date="20160308" Time="143849">CalculateField AFRO_IUs_v02 LASTUPDATE 20160308 VB #</Process><Process ToolSource="c:\program files (x86)\arcgis\desktop10.3\ArcToolbox\Toolboxes\Data Management Tools.tbx\CalculateField" Date="20160308" Time="150037">CalculateField AFRO_IUs_v02 IU_ID "!ADMIN0ISO3! + str( !ADMIN1ID!).zfill(5)+ str( !OBJECTID! ).zfill(4)" PYTHON_9.3 #</Process><Process ToolSource="c:\program files (x86)\arcgis\desktop10.3\ArcToolbox\Toolboxes\Data Management Tools.tbx\CalculateField" Date="20160308" Time="153341">CalculateField AFRO_IUs_v02 IUs_ADM "ADM1" VB #</Process><Process ToolSource="c:\program files (x86)\arcgis\desktop10.3\ArcToolbox\Toolboxes\Data Management Tools.tbx\CalculateField" Date="20160308" Time="153354">CalculateField AFRO_IUs_v02 IUs_NAME [ADMIN1] VB #</Process><Process ToolSource="c:\program files (x86)\arcgis\desktop10.3\ArcToolbox\Toolboxes\Data Management Tools.tbx\CalculateField" Date="20160308" Time="153407">CalculateField AFRO_IUs_v02 IU_ID "!ADMIN0ISO3! + str( !ADMIN1ID!).zfill(5)+ str( !OBJECTID! ).zfill(4)" PYTHON_9.3 #</Process><Process ToolSource="c:\program files (x86)\arcgis\desktop10.3\ArcToolbox\Toolboxes\Data Management Tools.tbx\CalculateField" Date="20160308" Time="153417">CalculateField AFRO_IUs_v02 LASTUPDATE 20160308 PYTHON_9.3 #</Process><Process ToolSource="c:\program files (x86)\arcgis\desktop10.3\ArcToolbox\Toolboxes\Data Management Tools.tbx\CalculateField" Date="20160308" Time="160357">CalculateField AFRO_IUs_v03 CARTO "AFRO" VB #</Process><Process ToolSource="c:\program files (x86)\arcgis\desktop10.3\ArcToolbox\Toolboxes\Data Management Tools.tbx\CalculateField" Date="20160308" Time="160415">CalculateField AFRO_IUs_v03 IU_ID "!ADMIN0ISO3! + str( !ADMIN1ID!).zfill(5)+ str( !OBJECTID! ).zfill(4)" PYTHON_9.3 #</Process><Process ToolSource="c:\program files (x86)\arcgis\desktop10.3\ArcToolbox\Toolboxes\Data Management Tools.tbx\CalculateField" Date="20160308" Time="160505">CalculateField AFRO_IUs_v03 ADMIN3ID 0 VB #</Process><Process ToolSource="c:\program files (x86)\arcgis\desktop10.3\ArcToolbox\Toolboxes\Data Management Tools.tbx\CalculateField" Date="20160308" Time="160512">CalculateField AFRO_IUs_v03 ADMIN3 " " VB #</Process><Process ToolSource="c:\program files (x86)\arcgis\desktop10.3\ArcToolbox\Toolboxes\Data Management Tools.tbx\CalculateField" Date="20160308" Time="160534">CalculateField AFRO_IUs_v03 IU_ID "!ADMIN0ISO3! + str( !ADMIN1ID!).zfill(5)+ str( !OBJECTID! ).zfill(4)" PYTHON_9.3 #</Process><Process ToolSource="c:\program files (x86)\arcgis\desktop10.3\ArcToolbox\Toolboxes\Data Management Tools.tbx\CalculateField" Date="20160308" Time="160655">CalculateField AFRO_IUs_v03 IU_ID "!ADMIN0ISO3! + str( !ADMIN1ID!).zfill(5)+ str( !OBJECTID! ).zfill(4)" PYTHON_9.3 #</Process><Process ToolSource="c:\program files (x86)\arcgis\desktop10.3\ArcToolbox\Toolboxes\Data Management Tools.tbx\CalculateField" Date="20160309" Time="172014">CalculateField AFRO_IUs_v03 ADMIN2ID [IU_ID] VB #</Process><Process ToolSource="c:\program files (x86)\arcgis\desktop10.3\ArcToolbox\Toolboxes\Data Management Tools.tbx\CalculateField" Date="20160309" Time="172024">CalculateField AFRO_IUs_v03 IU_ID2 [IU_ID] VB #</Process><Process ToolSource="c:\program files (x86)\arcgis\desktop10.3\ArcToolbox\Toolboxes\Data Management Tools.tbx\CalculateField" Date="20160309" Time="172108">CalculateField AFRO_IUs_v03 IUs_NAME [ADMIN2] VB #</Process><Process ToolSource="c:\program files (x86)\arcgis\desktop10.3\ArcToolbox\Toolboxes\Data Management Tools.tbx\CalculateField" Date="20160309" Time="172138">CalculateField AFRO_IUs_v03 IU_ID "!ADMIN0ISO3! + str( !ADMIN1ID!).zfill(5)+ str( !OBJECTID! ).zfill(4)" PYTHON_9.3 #</Process><Process ToolSource="c:\program files (x86)\arcgis\desktop10.3\ArcToolbox\Toolboxes\Data Management Tools.tbx\CalculateField" Date="20160309" Time="172154">CalculateField AFRO_IUs_v03 IUs_ADM "ADM2" PYTHON_9.3 #</Process><Process ToolSource="c:\program files (x86)\arcgis\desktop10.3\ArcToolbox\Toolboxes\Data Management Tools.tbx\CalculateField" Date="20160309" Time="172201">CalculateField AFRO_IUs_v03 ADMIN3ID 0 PYTHON_9.3 #</Process><Process ToolSource="c:\program files (x86)\arcgis\desktop10.3\ArcToolbox\Toolboxes\Data Management Tools.tbx\CalculateField" Date="20160309" Time="172707">CalculateField AFRO_IUs_v03 ADMIN2ID [IU_ID] VB #</Process><Process ToolSource="c:\program files (x86)\arcgis\desktop10.3\ArcToolbox\Toolboxes\Data Management Tools.tbx\CalculateField" Date="20160309" Time="172713">CalculateField AFRO_IUs_v03 IU_ID2 [IU_ID] VB #</Process><Process ToolSource="c:\program files (x86)\arcgis\desktop10.3\ArcToolbox\Toolboxes\Data Management Tools.tbx\CalculateField" Date="20160309" Time="172723">CalculateField AFRO_IUs_v03 CARTO "AFRO" VB #</Process><Process ToolSource="c:\program files (x86)\arcgis\desktop10.3\ArcToolbox\Toolboxes\Data Management Tools.tbx\CalculateField" Date="20160309" Time="172733">CalculateField AFRO_IUs_v03 LASTUPDATE 20160309 VB #</Process><Process ToolSource="c:\program files (x86)\arcgis\desktop10.3\ArcToolbox\Toolboxes\Data Management Tools.tbx\CalculateField" Date="20160309" Time="172746">CalculateField AFRO_IUs_v03 ADMIN3ID 0 VB #</Process><Process ToolSource="c:\program files (x86)\arcgis\desktop10.3\ArcToolbox\Toolboxes\Data Management Tools.tbx\CalculateField" Date="20160309" Time="172755">CalculateField AFRO_IUs_v03 IUs_ADM "ADM2" VB #</Process><Process ToolSource="c:\program files (x86)\arcgis\desktop10.3\ArcToolbox\Toolboxes\Data Management Tools.tbx\CalculateField" Date="20160309" Time="172806">CalculateField AFRO_IUs_v03 IU_ID "!ADMIN0ISO3! + str( !ADMIN1ID!).zfill(5)+ str( !OBJECTID! ).zfill(4)" PYTHON_9.3 #</Process><Process ToolSource="c:\program files (x86)\arcgis\desktop10.3\ArcToolbox\Toolboxes\Data Management Tools.tbx\CalculateField" Date="20160309" Time="173119">CalculateField AFRO_IUs_v03 IUs_NAME [ADMIN2] VB #</Process><Process ToolSource="c:\program files (x86)\arcgis\desktop10.3\ArcToolbox\Toolboxes\Data Management Tools.tbx\CalculateField" Date="20160309" Time="173133">CalculateField AFRO_IUs_v03 IU_ID "!ADMIN0ISO3! + str( !ADMIN1ID!).zfill(5)+ str( !OBJECTID! ).zfill(4)" PYTHON_9.3 #</Process><Process ToolSource="c:\program files (x86)\arcgis\desktop10.3\ArcToolbox\Toolboxes\Data Management Tools.tbx\CalculateField" Date="20160310" Time="121627">CalculateField AFRO_IUs_v03 IU_ID "!ADMIN0ISO3! + str( !ADMIN1ID!).zfill(5)+ str( !OBJECTID! ).zfill(4)" PYTHON_9.3 #</Process><Process ToolSource="c:\program files (x86)\arcgis\desktop10.3\ArcToolbox\Toolboxes\Data Management Tools.tbx\CalculateField" Date="20160310" Time="124050">CalculateField AFRO_IUs_v03 IU_ID "!ADMIN0ISO3! + str( !ADMIN1ID!).zfill(5)+ str( !OBJECTID! ).zfill(4)" PYTHON_9.3 #</Process><Process ToolSource="c:\program files (x86)\arcgis\desktop10.3\ArcToolbox\Toolboxes\Data Management Tools.tbx\CalculateField" Date="20160310" Time="133331">CalculateField AFRO_IUs_v03 IU_ID "!ADMIN0ISO3! + str( !ADMIN1ID!).zfill(5)+ str( !OBJECTID! ).zfill(4)" PYTHON_9.3 #</Process><Process ToolSource="c:\program files (x86)\arcgis\desktop10.3\ArcToolbox\Toolboxes\Data Management Tools.tbx\CalculateField" Date="20160310" Time="160345">CalculateField AFRO_IUs_v03 IU_ID "!ADMIN0ISO3! + str( !ADMIN1ID!).zfill(5)+ str( !OBJECTID! ).zfill(4)" PYTHON_9.3 #</Process><Process ToolSource="c:\program files (x86)\arcgis\desktop10.3\ArcToolbox\Toolboxes\Data Management Tools.tbx\CalculateField" Date="20160310" Time="165024">CalculateField AFRO_IUs_v03 IU_ID "!ADMIN0ISO3! + str( !ADMIN1ID!).zfill(5)+ str( !OBJECTID! ).zfill(4)" PYTHON_9.3 #</Process><Process ToolSource="c:\program files (x86)\arcgis\desktop10.3\ArcToolbox\Toolboxes\Data Management Tools.tbx\CalculateField" Date="20160310" Time="172851">CalculateField AFRO_IUs_v03 IU_ID "!ADMIN0ISO3! + str( !ADMIN1ID!).zfill(5)+ str( !OBJECTID! ).zfill(4)" PYTHON_9.3 #</Process><Process ToolSource="c:\program files (x86)\arcgis\desktop10.3\ArcToolbox\Toolboxes\Data Management Tools.tbx\CalculateField" Date="20160311" Time="095638">CalculateField AFRO_IUs_v03 IU_ID "!ADMIN0ISO3! + str( !ADMIN1ID!).zfill(5)+ str( !OBJECTID! ).zfill(4)" PYTHON_9.3 #</Process><Process ToolSource="c:\program files (x86)\arcgis\desktop10.3\ArcToolbox\Toolboxes\Data Management Tools.tbx\CalculateField" Date="20160311" Time="111359">CalculateField AFRO_IUs_v03 IU_ID2 [IU_ID] VB #</Process><Process ToolSource="c:\program files (x86)\arcgis\desktop10.3\ArcToolbox\Toolboxes\Data Management Tools.tbx\CalculateField" Date="20160311" Time="111645">CalculateField AFRO_IUs_v03 ADMIN3ID 0 VB #</Process><Process ToolSource="c:\program files (x86)\arcgis\desktop10.3\ArcToolbox\Toolboxes\Data Management Tools.tbx\CalculateField" Date="20160311" Time="111656">CalculateField AFRO_IUs_v03 IU_ID "!ADMIN0ISO3! + str( !ADMIN1ID!).zfill(5)+ str( !OBJECTID! ).zfill(4)" PYTHON_9.3 #</Process><Process ToolSource="c:\program files (x86)\arcgis\desktop10.3\ArcToolbox\Toolboxes\Data Management Tools.tbx\CalculateField" Date="20160311" Time="130837">CalculateField AFRO_IUs_v05 CONTINENT "Africa" VB #</Process><Process ToolSource="c:\program files (x86)\arcgis\desktop10.3\ArcToolbox\Toolboxes\Data Management Tools.tbx\CalculateField" Date="20160311" Time="130847">CalculateField AFRO_IUs_v05 REGION "Eastern Africa" VB #</Process><Process ToolSource="c:\program files (x86)\arcgis\desktop10.3\ArcToolbox\Toolboxes\Data Management Tools.tbx\CalculateField" Date="20160311" Time="130854">CalculateField AFRO_IUs_v05 WHO_REGION "AFRO" VB #</Process><Process ToolSource="c:\program files (x86)\arcgis\desktop10.3\ArcToolbox\Toolboxes\Data Management Tools.tbx\CalculateField" Date="20160311" Time="130902">CalculateField AFRO_IUs_v05 ADMIN0 "Rwanda" VB #</Process><Process ToolSource="c:\program files (x86)\arcgis\desktop10.3\ArcToolbox\Toolboxes\Data Management Tools.tbx\CalculateField" Date="20160311" Time="130939">CalculateField AFRO_IUs_v05 IU_ID2 [IU_ID] VB #</Process><Process ToolSource="c:\program files (x86)\arcgis\desktop10.3\ArcToolbox\Toolboxes\Data Management Tools.tbx\CalculateField" Date="20160311" Time="131220">CalculateField AFRO_IUs_v05 ADMIN0_FIP "RW" VB #</Process><Process ToolSource="c:\program files (x86)\arcgis\desktop10.3\ArcToolbox\Toolboxes\Data Management Tools.tbx\CalculateField" Date="20160311" Time="131225">CalculateField AFRO_IUs_v05 ADMIN0ISO2 "RW" VB #</Process><Process ToolSource="c:\program files (x86)\arcgis\desktop10.3\ArcToolbox\Toolboxes\Data Management Tools.tbx\CalculateField" Date="20160311" Time="131230">CalculateField AFRO_IUs_v05 ADMIN0ISO3 "RWA" VB #</Process><Process ToolSource="c:\program files (x86)\arcgis\desktop10.3\ArcToolbox\Toolboxes\Data Management Tools.tbx\CalculateField" Date="20160311" Time="131250">CalculateField AFRO_IUs_v05 IU_ID "!ADMIN0ISO3! + str( !ADMIN1ID!).zfill(5)+ str( !OBJECTID! ).zfill(4)" PYTHON_9.3 #</Process><Process ToolSource="c:\program files (x86)\arcgis\desktop10.3\ArcToolbox\Toolboxes\Data Management Tools.tbx\CalculateField" Date="20160311" Time="132131">CalculateField AFRO_IUs_v05 IU_ID "!ADMIN0ISO3! + str( !ADMIN1ID!).zfill(5)+ str( !OBJECTID! ).zfill(4)" PYTHON_9.3 #</Process><Process ToolSource="c:\program files (x86)\arcgis\desktop10.3\ArcToolbox\Toolboxes\Data Management Tools.tbx\CalculateField" Date="20160311" Time="132346">CalculateField AFRO_IUs_v05 IU_ID "!ADMIN0ISO3! + str( !ADMIN1ID!).zfill(5)+ str( !OBJECTID! ).zfill(4)" PYTHON_9.3 #</Process><Process ToolSource="c:\program files (x86)\arcgis\desktop10.3\ArcToolbox\Toolboxes\Data Management Tools.tbx\CalculateField" Date="20160311" Time="132715">CalculateField AFRO_IUs_v05 IU_ID "!ADMIN0ISO3! + str( !ADMIN1ID!).zfill(5)+ str( !OBJECTID! ).zfill(4)" PYTHON_9.3 #</Process><Process ToolSource="c:\program files (x86)\arcgis\desktop10.3\ArcToolbox\Toolboxes\Data Management Tools.tbx\CalculateField" Date="20160311" Time="134517">CalculateField AFRO_IUs_v05 IU_ID "!ADMIN0ISO3! + str( !ADMIN1ID!).zfill(5)+ str( !OBJECTID! ).zfill(4)" PYTHON_9.3 #</Process><Process ToolSource="c:\program files (x86)\arcgis\desktop10.3\ArcToolbox\Toolboxes\Data Management Tools.tbx\CalculateField" Date="20160311" Time="142127">CalculateField AFRO_IUs_v05 IU_ID "!ADMIN0ISO3! + str( !ADMIN1ID!).zfill(5)+ str( !OBJECTID! ).zfill(4)" PYTHON_9.3 #</Process><Process ToolSource="c:\program files (x86)\arcgis\desktop10.3\ArcToolbox\Toolboxes\Data Management Tools.tbx\CalculateField" Date="20160311" Time="142411">CalculateField AFRO_IUs_v05 IU_ID "!ADMIN0ISO3! + str( !ADMIN1ID!).zfill(5)+ str( !OBJECTID! ).zfill(4)" PYTHON_9.3 #</Process><Process ToolSource="c:\program files (x86)\arcgis\desktop10.3\ArcToolbox\Toolboxes\Data Management Tools.tbx\CalculateField" Date="20160311" Time="160705">CalculateField AFRO_IUs_v05 CONTINENT "Africa" VB #</Process><Process ToolSource="c:\program files (x86)\arcgis\desktop10.3\ArcToolbox\Toolboxes\Data Management Tools.tbx\CalculateField" Date="20160311" Time="160733">CalculateField AFRO_IUs_v05 REGION "Middle Africa" VB #</Process><Process ToolSource="c:\program files (x86)\arcgis\desktop10.3\ArcToolbox\Toolboxes\Data Management Tools.tbx\CalculateField" Date="20160311" Time="160740">CalculateField AFRO_IUs_v05 WHO_REGION "AFRO" VB #</Process><Process ToolSource="c:\program files (x86)\arcgis\desktop10.3\ArcToolbox\Toolboxes\Data Management Tools.tbx\CalculateField" Date="20160311" Time="160747">CalculateField AFRO_IUs_v05 ADMIN0 "Chad" VB #</Process><Process ToolSource="c:\program files (x86)\arcgis\desktop10.3\ArcToolbox\Toolboxes\Data Management Tools.tbx\CalculateField" Date="20160311" Time="160801">CalculateField AFRO_IUs_v05 ADMIN0ID 37 VB #</Process><Process ToolSource="c:\program files (x86)\arcgis\desktop10.3\ArcToolbox\Toolboxes\Data Management Tools.tbx\CalculateField" Date="20160311" Time="160811">CalculateField AFRO_IUs_v05 ADMIN0_FIP "CD" VB #</Process><Process ToolSource="c:\program files (x86)\arcgis\desktop10.3\ArcToolbox\Toolboxes\Data Management Tools.tbx\CalculateField" Date="20160311" Time="160819">CalculateField AFRO_IUs_v05 ADMIN0ISO2 "TD" VB #</Process><Process ToolSource="c:\program files (x86)\arcgis\desktop10.3\ArcToolbox\Toolboxes\Data Management Tools.tbx\CalculateField" Date="20160311" Time="160826">CalculateField AFRO_IUs_v05 ADMIN0ISO3 "TCD" VB #</Process><Process ToolSource="c:\program files (x86)\arcgis\desktop10.3\ArcToolbox\Toolboxes\Data Management Tools.tbx\CalculateField" Date="20160311" Time="161143">CalculateField AFRO_IUs_v05 IU_ID "!ADMIN0ISO3! + str( !ADMIN1ID!).zfill(5)+ str( !OBJECTID! ).zfill(4)" PYTHON_9.3 #</Process><Process ToolSource="c:\program files (x86)\arcgis\desktop10.3\ArcToolbox\Toolboxes\Data Management Tools.tbx\CalculateField" Date="20160311" Time="161421">CalculateField AFRO_IUs_v05 IU_ID "!ADMIN0ISO3! + str( !ADMIN1ID!).zfill(5)+ str( !OBJECTID! ).zfill(4)" PYTHON_9.3 #</Process><Process ToolSource="c:\program files (x86)\arcgis\desktop10.3\ArcToolbox\Toolboxes\Data Management Tools.tbx\CalculateField" Date="20160311" Time="163416">CalculateField AFRO_IUs_v05 IU_ID "!ADMIN0ISO3! + str( !ADMIN1ID!).zfill(5)+ str( !OBJECTID! ).zfill(4)" PYTHON_9.3 #</Process><Process ToolSource="c:\program files (x86)\arcgis\desktop10.3\ArcToolbox\Toolboxes\Data Management Tools.tbx\CalculateField" Date="20160311" Time="163833">CalculateField AFRO_IUs_v05 IU_ID "!ADMIN0ISO3! + str( !ADMIN1ID!).zfill(5)+ str( !OBJECTID! ).zfill(4)" PYTHON_9.3 #</Process><Process ToolSource="c:\program files (x86)\arcgis\desktop10.3\ArcToolbox\Toolboxes\Data Management Tools.tbx\CalculateField" Date="20160311" Time="163925">CalculateField AFRO_IUs_v05 ADMIN3ID 0 VB #</Process><Process ToolSource="c:\program files (x86)\arcgis\desktop10.3\ArcToolbox\Toolboxes\Data Management Tools.tbx\CalculateField" Date="20160311" Time="170419">CalculateField AFRO_IUs_v05 IU_ID "!ADMIN0ISO3! + str( !ADMIN1ID!).zfill(5)+ str( !OBJECTID! ).zfill(4)" PYTHON_9.3 #</Process><Process ToolSource="c:\program files (x86)\arcgis\desktop10.3\ArcToolbox\Toolboxes\Data Management Tools.tbx\CalculateField" Date="20160312" Time="114021">CalculateField AFRO_IUs_v05 IU_ID "!ADMIN0ISO3! + str( !ADMIN1ID!).zfill(5)+ str( !OBJECTID! ).zfill(4)" PYTHON_9.3 #</Process><Process ToolSource="c:\program files (x86)\arcgis\desktop10.3\ArcToolbox\Toolboxes\Data Management Tools.tbx\CalculateField" Date="20160313" Time="125609">CalculateField AFRO_IUs_v05 IU_ID "!ADMIN0ISO3! + str( !ADMIN1ID!).zfill(5)+ str( !OBJECTID! ).zfill(4)" PYTHON_9.3 #</Process><Process ToolSource="c:\program files (x86)\arcgis\desktop10.3\ArcToolbox\Toolboxes\Data Management Tools.tbx\CalculateField" Date="20160313" Time="172259">CalculateField AFRO_IUs_v05 IU_ID "!ADMIN0ISO3! + str( !ADMIN1ID!).zfill(5)+ str( !OBJECTID! ).zfill(4)" PYTHON_9.3 #</Process><Process ToolSource="c:\program files (x86)\arcgis\desktop10.3\ArcToolbox\Toolboxes\Data Management Tools.tbx\CalculateField" Date="20160314" Time="130609">CalculateField AFRO_IUs_v05 IU_ID "!ADMIN0ISO3! + str( !ADMIN1ID!).zfill(5)+ str( !OBJECTID! ).zfill(4)" PYTHON_9.3 #</Process><Process ToolSource="c:\program files (x86)\arcgis\desktop10.3\ArcToolbox\Toolboxes\Data Management Tools.tbx\CalculateField" Date="20160314" Time="172246">CalculateField AFRO_IUs_v05 IUs_ADM "ADM2" VB #</Process><Process ToolSource="c:\program files (x86)\arcgis\desktop10.3\ArcToolbox\Toolboxes\Data Management Tools.tbx\CalculateField" Date="20160314" Time="172323">CalculateField AFRO_IUs_v05 ADMIN2 [IUs_NAME] VB #</Process><Process ToolSource="c:\program files (x86)\arcgis\desktop10.3\ArcToolbox\Toolboxes\Data Management Tools.tbx\CalculateField" Date="20160314" Time="172336">CalculateField AFRO_IUs_v05 ADMIN2ID [IU_ID2] VB #</Process><Process ToolSource="c:\program files (x86)\arcgis\desktop10.3\ArcToolbox\Toolboxes\Data Management Tools.tbx\CalculateField" Date="20160314" Time="172419">CalculateField AFRO_IUs_v05 ADMIN3 [IUs_NAME] VB #</Process><Process ToolSource="c:\program files (x86)\arcgis\desktop10.3\ArcToolbox\Toolboxes\Data Management Tools.tbx\CalculateField" Date="20160314" Time="172434">CalculateField AFRO_IUs_v05 ADMIN3ID [IU_ID2] VB #</Process><Process ToolSource="c:\program files (x86)\arcgis\desktop10.3\ArcToolbox\Toolboxes\Data Management Tools.tbx\CalculateField" Date="20160314" Time="172645">CalculateField AFRO_IUs_v05 IU_ID "!ADMIN0ISO3! + str( !IU_ID2!).zfill(5)" PYTHON_9.3 #</Process><Process ToolSource="c:\program files (x86)\arcgis\desktop10.3\ArcToolbox\Toolboxes\Data Management Tools.tbx\CalculateField" Date="20160315" Time="094245">CalculateField AFRO_IUs_v05 CONTINENT "Africa" VB #</Process><Process ToolSource="c:\program files (x86)\arcgis\desktop10.3\ArcToolbox\Toolboxes\Data Management Tools.tbx\CalculateField" Date="20160315" Time="094258">CalculateField AFRO_IUs_v05 REGION "Southern Africa" VB #</Process><Process ToolSource="c:\program files (x86)\arcgis\desktop10.3\ArcToolbox\Toolboxes\Data Management Tools.tbx\CalculateField" Date="20160315" Time="094305">CalculateField AFRO_IUs_v05 WHO_REGION "AFRO" VB #</Process><Process ToolSource="c:\program files (x86)\arcgis\desktop10.3\ArcToolbox\Toolboxes\Data Management Tools.tbx\CalculateField" Date="20160315" Time="094333">CalculateField AFRO_IUs_v05 ADMIN0_FIP "SF" VB #</Process><Process ToolSource="c:\program files (x86)\arcgis\desktop10.3\ArcToolbox\Toolboxes\Data Management Tools.tbx\CalculateField" Date="20160315" Time="094349">CalculateField AFRO_IUs_v05 ADMIN0ISO2 "ZA" VB #</Process><Process ToolSource="c:\program files (x86)\arcgis\desktop10.3\ArcToolbox\Toolboxes\Data Management Tools.tbx\CalculateField" Date="20160315" Time="094355">CalculateField AFRO_IUs_v05 ADMIN0ISO3 "ZAF" VB #</Process><Process ToolSource="c:\program files (x86)\arcgis\desktop10.3\ArcToolbox\Toolboxes\Data Management Tools.tbx\CalculateField" Date="20160315" Time="094404">CalculateField AFRO_IUs_v05 ADMIN3ID 0 VB #</Process><Process ToolSource="c:\program files (x86)\arcgis\desktop10.3\ArcToolbox\Toolboxes\Data Management Tools.tbx\CalculateField" Date="20160315" Time="094421">CalculateField AFRO_IUs_v05 IUs_ADM "ADM2" VB #</Process><Process ToolSource="c:\program files (x86)\arcgis\desktop10.3\ArcToolbox\Toolboxes\Data Management Tools.tbx\CalculateField" Date="20160315" Time="094431">CalculateField AFRO_IUs_v05 LASTUPDATE 20160315 VB #</Process><Process ToolSource="c:\program files (x86)\arcgis\desktop10.3\ArcToolbox\Toolboxes\Data Management Tools.tbx\CalculateField" Date="20160315" Time="094440">CalculateField AFRO_IUs_v05 CARTO "AFRO" VB #</Process><Process ToolSource="c:\program files (x86)\arcgis\desktop10.3\ArcToolbox\Toolboxes\Data Management Tools.tbx\CalculateField" Date="20160315" Time="094537">CalculateField AFRO_IUs_v05 IU_ID "!ADMIN0ISO3! + str( !IU_ID2!).zfill(5)" PYTHON_9.3 #</Process><Process ToolSource="c:\program files (x86)\arcgis\desktop10.3\ArcToolbox\Toolboxes\Data Management Tools.tbx\CalculateField" Date="20160315" Time="103017">CalculateField AFRO_IUs_v05 IU_ID "!ADMIN0ISO3! + str( !IU_ID2!).zfill(5)" PYTHON_9.3 #</Process><Process ToolSource="c:\program files (x86)\arcgis\desktop10.3\ArcToolbox\Toolboxes\Analysis Tools.tbx\Erase" Date="20161007" Time="092841">Erase AFRO_IUs_20161008 admbound_featuretopolygon_Pr F:\GIS_Cartography\GIS_Documents\Proyectos_GIS\LSHTM_projects\WHO_AFRO_maps\WHO_AFRO.gdb\Basemap\AFRO_IUs_20161009 #</Process><Process ToolSource="c:\program files (x86)\arcgis\desktop10.3\ArcToolbox\Toolboxes\Data Management Tools.tbx\CalculateField" Date="20161007" Time="093328">CalculateField AFRO_IUs_20161009 CONTINENT "Africa" VB #</Process><Process ToolSource="c:\program files (x86)\arcgis\desktop10.3\ArcToolbox\Toolboxes\Data Management Tools.tbx\CalculateField" Date="20161007" Time="093516">CalculateField AFRO_IUs_20161009 REGION "Eastern Africa" VB #</Process><Process ToolSource="c:\program files (x86)\arcgis\desktop10.3\ArcToolbox\Toolboxes\Data Management Tools.tbx\CalculateField" Date="20161007" Time="093524">CalculateField AFRO_IUs_20161009 WHO_REGION "AFRO" VB #</Process><Process ToolSource="c:\program files (x86)\arcgis\desktop10.3\ArcToolbox\Toolboxes\Data Management Tools.tbx\CalculateField" Date="20161007" Time="093542">CalculateField AFRO_IUs_20161009 ADMIN0 "Zambia" VB #</Process><Process ToolSource="c:\program files (x86)\arcgis\desktop10.3\ArcToolbox\Toolboxes\Data Management Tools.tbx\CalculateField" Date="20161007" Time="093554">CalculateField AFRO_IUs_20161009 ADMIN0ID 46 VB #</Process><Process ToolSource="c:\program files (x86)\arcgis\desktop10.3\ArcToolbox\Toolboxes\Data Management Tools.tbx\CalculateField" Date="20161007" Time="093610">CalculateField AFRO_IUs_20161009 ADMIN0_FIP "ZA" VB #</Process><Process ToolSource="c:\program files (x86)\arcgis\desktop10.3\ArcToolbox\Toolboxes\Data Management Tools.tbx\CalculateField" Date="20161007" Time="093617">CalculateField AFRO_IUs_20161009 ADMIN0ISO2 "ZM" VB #</Process><Process ToolSource="c:\program files (x86)\arcgis\desktop10.3\ArcToolbox\Toolboxes\Data Management Tools.tbx\CalculateField" Date="20161007" Time="093623">CalculateField AFRO_IUs_20161009 ADMIN0ISO3 "ZMB" VB #</Process><Process ToolSource="c:\program files (x86)\arcgis\desktop10.3\ArcToolbox\Toolboxes\Data Management Tools.tbx\CalculateField" Date="20161007" Time="093647">CalculateField AFRO_IUs_20161009 IUs_ADM "ADM2" VB #</Process><Process ToolSource="c:\program files (x86)\arcgis\desktop10.3\ArcToolbox\Toolboxes\Data Management Tools.tbx\CalculateField" Date="20161007" Time="093715">CalculateField AFRO_IUs_20161009 IU_ID "!ADMIN0ISO3! + str( !IU_ID2!).zfill(5)" PYTHON_9.3 #</Process><Process ToolSource="c:\program files (x86)\arcgis\desktop10.3\ArcToolbox\Toolboxes\Data Management Tools.tbx\CalculateField" Date="20161007" Time="093746">CalculateField AFRO_IUs_20161009 IUs_NAME [ADMIN2] VB #</Process><Process ToolSource="c:\program files (x86)\arcgis\desktop10.3\ArcToolbox\Toolboxes\Data Management Tools.tbx\CalculateField" Date="20161007" Time="093757">CalculateField AFRO_IUs_20161009 LASTUPDATE "20161008" VB #</Process><Process ToolSource="c:\program files (x86)\arcgis\desktop10.3\ArcToolbox\Toolboxes\Data Management Tools.tbx\CalculateField" Date="20161007" Time="093807">CalculateField AFRO_IUs_20161009 CARTO "WHO" VB #</Process><Process ToolSource="c:\program files (x86)\arcgis\desktop10.3\ArcToolbox\Toolboxes\Data Management Tools.tbx\RepairGeometry" Date="20161008" Time="114135">RepairGeometry AFRO_IUs_20161009 DELETE_NULL</Process><Process ToolSource="c:\program files (x86)\arcgis\desktop10.3\ArcToolbox\Toolboxes\Data Management Tools.tbx\CalculateField" Date="20170221" Time="123154">CalculateField AFRO_IUs_ESPEN_priority LASTUPDATE "20172102" VB #</Process><Process ToolSource="c:\program files (x86)\arcgis\desktop10.3\ArcToolbox\Toolboxes\Data Management Tools.tbx\CalculateField" Date="20170221" Time="123214">CalculateField AFRO_IUs_ESPEN_priority CARTO COUNTRY VB #</Process><Process ToolSource="c:\program files (x86)\arcgis\desktop10.3\ArcToolbox\Toolboxes\Data Management Tools.tbx\CalculateField" Date="20170221" Time="123227">CalculateField AFRO_IUs_ESPEN_priority CARTO "OTHER" VB #</Process><Process ToolSource="c:\program files (x86)\arcgis\desktop10.3\ArcToolbox\Toolboxes\Data Management Tools.tbx\CalculateField" Date="20170221" Time="123253">CalculateField AFRO_IUs_ESPEN_priority IU_ID "!ADMIN0ISO3! + str( !IU_ID2!).zfill(5)" PYTHON_9.3 #</Process><Process ToolSource="c:\program files (x86)\arcgis\desktop10.3\ArcToolbox\Toolboxes\Data Management Tools.tbx\CalculateField" Date="20170221" Time="145132">CalculateField AFRO_IUs_ESPEN_priority LASTUPDATE "20172102" VB #</Process><Process ToolSource="c:\program files (x86)\arcgis\desktop10.3\ArcToolbox\Toolboxes\Data Management Tools.tbx\CalculateField" Date="20170221" Time="145202">CalculateField AFRO_IUs_ESPEN_priority IU_ID "!ADMIN0ISO3! + str( !IU_ID2!).zfill(5)" PYTHON_9.3 #</Process><Process ToolSource="c:\program files (x86)\arcgis\desktop10.3\ArcToolbox\Toolboxes\Data Management Tools.tbx\CalculateField" Date="20170222" Time="103555">CalculateField AFRO_IUs_ESPEN_priority LASTUPDATE "20170222" VB #</Process><Process ToolSource="c:\program files (x86)\arcgis\desktop10.3\ArcToolbox\Toolboxes\Data Management Tools.tbx\CalculateField" Date="20170222" Time="103635">CalculateField AFRO_IUs_ESPEN_priority IU_ID "!ADMIN0ISO3! + str( !IU_ID2!).zfill(5)" PYTHON_9.3 #</Process><Process ToolSource="c:\program files (x86)\arcgis\desktop10.3\ArcToolbox\Toolboxes\Data Management Tools.tbx\CalculateField" Date="20170222" Time="103754">CalculateField AFRO_IUs_ESPEN_priority IU_ID "!ADMIN0ISO3! + str( !IU_ID2!).zfill(5)" PYTHON_9.3 #</Process><Process ToolSource="c:\program files (x86)\arcgis\desktop10.3\ArcToolbox\Toolboxes\Data Management Tools.tbx\CalculateField" Date="20170222" Time="144249">CalculateField AFRO_IUs_ESPEN_priority IU_ID "!ADMIN0ISO3! + str( !IU_ID2!).zfill(5)" PYTHON_9.3 #</Process><Process ToolSource="c:\program files (x86)\arcgis\desktop10.3\ArcToolbox\Toolboxes\Data Management Tools.tbx\CalculateField" Date="20170222" Time="144305">CalculateField AFRO_IUs_ESPEN_priority LASTUPDATE "20170222" VB #</Process><Process ToolSource="c:\program files (x86)\arcgis\desktop10.3\ArcToolbox\Toolboxes\Data Management Tools.tbx\CalculateField" Date="20170222" Time="153652">CalculateField AFRO_IUs_201702 IU_ID "!ADMIN0ISO3! + str( !IU_ID2!).zfill(5)" PYTHON_9.3 #</Process><Process ToolSource="c:\program files (x86)\arcgis\desktop10.3\ArcToolbox\Toolboxes\Data Management Tools.tbx\CalculateField" Date="20170222" Time="153728">CalculateField AFRO_IUs_201702 LASTUPDATE "20170222" VB #</Process><Process ToolSource="c:\program files (x86)\arcgis\desktop10.3\ArcToolbox\Toolboxes\Data Management Tools.tbx\CalculateField" Date="20170223" Time="101425">CalculateField AFRO_IUs_201702 CONTINENT "Africa" VB #</Process><Process ToolSource="c:\program files (x86)\arcgis\desktop10.3\ArcToolbox\Toolboxes\Data Management Tools.tbx\CalculateField" Date="20170223" Time="101440">CalculateField AFRO_IUs_201702 WHO_REGION "AFRO" VB #</Process><Process ToolSource="c:\program files (x86)\arcgis\desktop10.3\ArcToolbox\Toolboxes\Data Management Tools.tbx\CalculateField" Date="20170223" Time="101513">CalculateField AFRO_IUs_201702 ADMIN0 Ghana VB #</Process><Process ToolSource="c:\program files (x86)\arcgis\desktop10.3\ArcToolbox\Toolboxes\Data Management Tools.tbx\CalculateField" Date="20170223" Time="101523">CalculateField AFRO_IUs_201702 ADMIN0 "Ghana" VB #</Process><Process ToolSource="c:\program files (x86)\arcgis\desktop10.3\ArcToolbox\Toolboxes\Data Management Tools.tbx\CalculateField" Date="20170223" Time="101542">CalculateField AFRO_IUs_201702 ADMIN0ID 19 VB #</Process><Process ToolSource="c:\program files (x86)\arcgis\desktop10.3\ArcToolbox\Toolboxes\Data Management Tools.tbx\CalculateField" Date="20170223" Time="101556">CalculateField AFRO_IUs_201702 ADMIN0_FIP "GH" VB #</Process><Process ToolSource="c:\program files (x86)\arcgis\desktop10.3\ArcToolbox\Toolboxes\Data Management Tools.tbx\CalculateField" Date="20170223" Time="101615">CalculateField AFRO_IUs_201702 ADMIN0ISO2 "GH" VB #</Process><Process ToolSource="c:\program files (x86)\arcgis\desktop10.3\ArcToolbox\Toolboxes\Data Management Tools.tbx\CalculateField" Date="20170223" Time="101632">CalculateField AFRO_IUs_201702 ADMIN0ISO3 "GHA" VB #</Process><Process ToolSource="c:\program files (x86)\arcgis\desktop10.3\ArcToolbox\Toolboxes\Data Management Tools.tbx\CalculateField" Date="20170223" Time="102039">CalculateField AFRO_IUs_201702 IUs_ADM "ADM2" VB #</Process><Process ToolSource="c:\program files (x86)\arcgis\desktop10.3\ArcToolbox\Toolboxes\Data Management Tools.tbx\CalculateField" Date="20170223" Time="102108">CalculateField AFRO_IUs_201702 LASTUPDATE "20170223" VB #</Process><Process ToolSource="c:\program files (x86)\arcgis\desktop10.3\ArcToolbox\Toolboxes\Data Management Tools.tbx\CalculateField" Date="20170223" Time="102120">CalculateField AFRO_IUs_201702 CARTO "AFRO" VB #</Process><Process ToolSource="c:\program files (x86)\arcgis\desktop10.3\ArcToolbox\Toolboxes\Data Management Tools.tbx\CalculateField" Date="20170223" Time="102130">CalculateField AFRO_IUs_201702 IU_ID2 [IU_ID] VB #</Process><Process ToolSource="c:\program files (x86)\arcgis\desktop10.3\ArcToolbox\Toolboxes\Data Management Tools.tbx\CalculateField" Date="20170223" Time="102149">CalculateField AFRO_IUs_201702 IU_ID "!ADMIN0ISO3! + str( !IU_ID2!).zfill(5)" PYTHON_9.3 #</Process><Process ToolSource="c:\program files (x86)\arcgis\desktop10.3\ArcToolbox\Toolboxes\Data Management Tools.tbx\CalculateField" Date="20170312" Time="093822">CalculateField AFRO_IUs_201703 CONTINENT "Africa" VB #</Process><Process ToolSource="c:\program files (x86)\arcgis\desktop10.3\ArcToolbox\Toolboxes\Data Management Tools.tbx\CalculateField" Date="20170312" Time="093907">CalculateField AFRO_IUs_201703 WHO_REGION "AFRO" VB #</Process><Process ToolSource="c:\program files (x86)\arcgis\desktop10.3\ArcToolbox\Toolboxes\Data Management Tools.tbx\CalculateField" Date="20170312" Time="093921">CalculateField AFRO_IUs_201703 REGION "Western Africa" VB #</Process><Process ToolSource="c:\program files (x86)\arcgis\desktop10.3\ArcToolbox\Toolboxes\Data Management Tools.tbx\CalculateField" Date="20170312" Time="094255">CalculateField AFRO_IUs_201703 ADMIN0ID 5 VB #</Process><Process ToolSource="c:\program files (x86)\arcgis\desktop10.3\ArcToolbox\Toolboxes\Data Management Tools.tbx\CalculateField" Date="20170312" Time="094307">CalculateField AFRO_IUs_201703 ADMIN0_FIP "UV" VB #</Process><Process ToolSource="c:\program files (x86)\arcgis\desktop10.3\ArcToolbox\Toolboxes\Data Management Tools.tbx\CalculateField" Date="20170312" Time="094344">CalculateField AFRO_IUs_201703 ADMIN2 [ADMIN3] VB #</Process><Process ToolSource="c:\program files (x86)\arcgis\desktop10.3\ArcToolbox\Toolboxes\Data Management Tools.tbx\CalculateField" Date="20170312" Time="094354">CalculateField AFRO_IUs_201703 ADMIN3 "" VB #</Process><Process ToolSource="c:\program files (x86)\arcgis\desktop10.3\ArcToolbox\Toolboxes\Data Management Tools.tbx\CalculateField" Date="20170312" Time="094410">CalculateField AFRO_IUs_201703 ADMIN2ID [IU_ID] VB #</Process><Process ToolSource="c:\program files (x86)\arcgis\desktop10.3\ArcToolbox\Toolboxes\Data Management Tools.tbx\CalculateField" Date="20170312" Time="094425">CalculateField AFRO_IUs_201703 IUs_NAME [ADMIN2] VB #</Process><Process ToolSource="c:\program files (x86)\arcgis\desktop10.3\ArcToolbox\Toolboxes\Data Management Tools.tbx\CalculateField" Date="20170312" Time="094440">CalculateField AFRO_IUs_201703 IUs_ADM "ADM2" VB #</Process><Process ToolSource="c:\program files (x86)\arcgis\desktop10.3\ArcToolbox\Toolboxes\Data Management Tools.tbx\CalculateField" Date="20170312" Time="094452">CalculateField AFRO_IUs_201703 IU_ID2 [ADMIN2ID] VB #</Process><Process ToolSource="c:\program files (x86)\arcgis\desktop10.3\ArcToolbox\Toolboxes\Data Management Tools.tbx\CalculateField" Date="20170312" Time="094507">CalculateField AFRO_IUs_201703 CARTO "Kinvi" VB #</Process><Process ToolSource="c:\program files (x86)\arcgis\desktop10.3\ArcToolbox\Toolboxes\Data Management Tools.tbx\CalculateField" Date="20170312" Time="094519">CalculateField AFRO_IUs_201703 LASTUPDATE "20170312" VB #</Process><Process ToolSource="c:\program files (x86)\arcgis\desktop10.3\ArcToolbox\Toolboxes\Data Management Tools.tbx\CalculateField" Date="20170312" Time="094533">CalculateField AFRO_IUs_201703 IU_ID "!ADMIN0ISO3! + str( !IU_ID2!).zfill(5)" PYTHON_9.3 #</Process><Process ToolSource="c:\program files (x86)\arcgis\desktop10.3\ArcToolbox\Toolboxes\Data Management Tools.tbx\CalculateField" Date="20170312" Time="100522">CalculateField AFRO_IUs_201703 REGION "Middle Africa" VB #</Process><Process ToolSource="c:\program files (x86)\arcgis\desktop10.3\ArcToolbox\Toolboxes\Data Management Tools.tbx\CalculateField" Date="20170312" Time="100530">CalculateField AFRO_IUs_201703 WHO_REGION "AFRO" VB #</Process><Process ToolSource="c:\program files (x86)\arcgis\desktop10.3\ArcToolbox\Toolboxes\Data Management Tools.tbx\CalculateField" Date="20170312" Time="100541">CalculateField AFRO_IUs_201703 ADMIN0ID 9 VB #</Process><Process ToolSource="c:\program files (x86)\arcgis\desktop10.3\ArcToolbox\Toolboxes\Data Management Tools.tbx\CalculateField" Date="20170312" Time="100551">CalculateField AFRO_IUs_201703 ADMIN0_FIP "CT" VB #</Process><Process ToolSource="c:\program files (x86)\arcgis\desktop10.3\ArcToolbox\Toolboxes\Data Management Tools.tbx\CalculateField" Date="20170312" Time="100603">CalculateField AFRO_IUs_201703 ADMIN2 [ADMIN3] VB #</Process><Process ToolSource="c:\program files (x86)\arcgis\desktop10.3\ArcToolbox\Toolboxes\Data Management Tools.tbx\CalculateField" Date="20170312" Time="100618">CalculateField AFRO_IUs_201703 ADMIN2ID [IU_ID] VB #</Process><Process ToolSource="c:\program files (x86)\arcgis\desktop10.3\ArcToolbox\Toolboxes\Data Management Tools.tbx\CalculateField" Date="20170312" Time="100629">CalculateField AFRO_IUs_201703 ADMIN3 "" VB #</Process><Process ToolSource="c:\program files (x86)\arcgis\desktop10.3\ArcToolbox\Toolboxes\Data Management Tools.tbx\CalculateField" Date="20170312" Time="100640">CalculateField AFRO_IUs_201703 IUs_NAME [ADMIN2] VB #</Process><Process ToolSource="c:\program files (x86)\arcgis\desktop10.3\ArcToolbox\Toolboxes\Data Management Tools.tbx\CalculateField" Date="20170312" Time="100650">CalculateField AFRO_IUs_201703 LASTUPDATE "20130312" VB #</Process><Process ToolSource="c:\program files (x86)\arcgis\desktop10.3\ArcToolbox\Toolboxes\Data Management Tools.tbx\CalculateField" Date="20170312" Time="100658">CalculateField AFRO_IUs_201703 CARTO "Kinvi" VB #</Process><Process ToolSource="c:\program files (x86)\arcgis\desktop10.3\ArcToolbox\Toolboxes\Data Management Tools.tbx\CalculateField" Date="20170312" Time="100708">CalculateField AFRO_IUs_201703 IU_ID2 [IU_ID] VB #</Process><Process ToolSource="c:\program files (x86)\arcgis\desktop10.3\ArcToolbox\Toolboxes\Data Management Tools.tbx\CalculateField" Date="20170312" Time="100722">CalculateField AFRO_IUs_201703 IU_ID "!ADMIN0ISO3! + str( !IU_ID2!).zfill(5)" PYTHON_9.3 #</Process><Process ToolSource="c:\program files (x86)\arcgis\desktop10.3\ArcToolbox\Toolboxes\Data Management Tools.tbx\CalculateField" Date="20170312" Time="100741">CalculateField AFRO_IUs_201703 IUs_ADM "ADM2" PYTHON_9.3 #</Process><Process ToolSource="c:\program files (x86)\arcgis\desktop10.3\ArcToolbox\Toolboxes\Data Management Tools.tbx\CalculateField" Date="20170312" Time="100806">CalculateField AFRO_IUs_201703 IUs_ADM "ADM1" PYTHON_9.3 #</Process><Process ToolSource="c:\program files (x86)\arcgis\desktop10.3\ArcToolbox\Toolboxes\Data Management Tools.tbx\CalculateField" Date="20170312" Time="100815">CalculateField AFRO_IUs_201703 ADMIN1 "ADM1" PYTHON_9.3 #</Process><Process ToolSource="c:\program files (x86)\arcgis\desktop10.3\ArcToolbox\Toolboxes\Data Management Tools.tbx\CalculateField" Date="20170312" Time="100827">CalculateField AFRO_IUs_201703 ADMIN1 [ADMIN2] VB #</Process><Process ToolSource="c:\program files (x86)\arcgis\desktop10.3\ArcToolbox\Toolboxes\Data Management Tools.tbx\CalculateField" Date="20170312" Time="100838">CalculateField AFRO_IUs_201703 ADMIN1ID [ADMIN2ID] VB #</Process><Process ToolSource="c:\program files (x86)\arcgis\desktop10.3\ArcToolbox\Toolboxes\Data Management Tools.tbx\CalculateField" Date="20170312" Time="100846">CalculateField AFRO_IUs_201703 ADMIN2 "" VB #</Process><Process ToolSource="c:\program files (x86)\arcgis\desktop10.3\ArcToolbox\Toolboxes\Data Management Tools.tbx\CalculateField" Date="20170312" Time="100853">CalculateField AFRO_IUs_201703 ADMIN2ID NULL VB #</Process><Process ToolSource="c:\program files (x86)\arcgis\desktop10.3\ArcToolbox\Toolboxes\Data Management Tools.tbx\CalculateField" Date="20170312" Time="100943">CalculateField AFRO_IUs_201703 WHO_REGION "AFRO" VB #</Process><Process ToolSource="c:\program files (x86)\arcgis\desktop10.3\ArcToolbox\Toolboxes\Data Management Tools.tbx\CalculateField" Date="20170312" Time="100955">CalculateField AFRO_IUs_201703 REGION "Eastern Africa" VB #</Process><Process ToolSource="c:\program files (x86)\arcgis\desktop10.3\ArcToolbox\Toolboxes\Data Management Tools.tbx\CalculateField" Date="20170312" Time="101127">CalculateField AFRO_IUs_201703 ADMIN0ID 22 VB #</Process><Process ToolSource="c:\program files (x86)\arcgis\desktop10.3\ArcToolbox\Toolboxes\Data Management Tools.tbx\CalculateField" Date="20170312" Time="101141">CalculateField AFRO_IUs_201703 ADMIN0_FIP "KE" VB #</Process><Process ToolSource="c:\program files (x86)\arcgis\desktop10.3\ArcToolbox\Toolboxes\Data Management Tools.tbx\CalculateField" Date="20170312" Time="101154">CalculateField AFRO_IUs_201703 IUs_ADM "ADM3" VB #</Process><Process ToolSource="c:\program files (x86)\arcgis\desktop10.3\ArcToolbox\Toolboxes\Data Management Tools.tbx\CalculateField" Date="20170312" Time="101210">CalculateField AFRO_IUs_201703 LASTUPDATE "20170312" VB #</Process><Process ToolSource="c:\program files (x86)\arcgis\desktop10.3\ArcToolbox\Toolboxes\Data Management Tools.tbx\CalculateField" Date="20170312" Time="101219">CalculateField AFRO_IUs_201703 CARTO "Kinvi" VB #</Process><Process ToolSource="c:\program files (x86)\arcgis\desktop10.3\ArcToolbox\Toolboxes\Data Management Tools.tbx\CalculateField" Date="20170312" Time="101234">CalculateField AFRO_IUs_201703 IU_ID2 [IU_ID] VB #</Process><Process ToolSource="c:\program files (x86)\arcgis\desktop10.3\ArcToolbox\Toolboxes\Data Management Tools.tbx\CalculateField" Date="20170312" Time="101241">CalculateField AFRO_IUs_201703 ADMIN3ID [IU_ID] VB #</Process><Process ToolSource="c:\program files (x86)\arcgis\desktop10.3\ArcToolbox\Toolboxes\Data Management Tools.tbx\CalculateField" Date="20170312" Time="101251">CalculateField AFRO_IUs_201703 IU_ID "!ADMIN0ISO3! + str( !IU_ID2!).zfill(5)" PYTHON_9.3 #</Process><Process ToolSource="c:\program files (x86)\arcgis\desktop10.3\ArcToolbox\Toolboxes\Data Management Tools.tbx\CalculateField" Date="20170312" Time="101303">CalculateField AFRO_IUs_201703 IUs_NAME [ADMIN3] VB #</Process><Process ToolSource="c:\program files (x86)\arcgis\desktop10.3\ArcToolbox\Toolboxes\Data Management Tools.tbx\CalculateField" Date="20170312" Time="134011">CalculateField AFRO_IUs_201703 ADMIN2ID [IU_ID2] VB #</Process><Process ToolSource="c:\program files (x86)\arcgis\desktop10.3\ArcToolbox\Toolboxes\Data Management Tools.tbx\CalculateField" Date="20170312" Time="134033">CalculateField AFRO_IUs_201703 IU_ID "!ADMIN0ISO3! + str( !IU_ID2!).zfill(5)" PYTHON_9.3 #</Process><Process ToolSource="c:\program files (x86)\arcgis\desktop10.3\ArcToolbox\Toolboxes\Data Management Tools.tbx\CalculateField" Date="20170312" Time="134114">CalculateField AFRO_IUs_201703 ADMIN1ID [IU_ID2] VB #</Process><Process ToolSource="c:\program files (x86)\arcgis\desktop10.3\ArcToolbox\Toolboxes\Data Management Tools.tbx\CalculateField" Date="20170312" Time="134128">CalculateField AFRO_IUs_201703 IU_ID "!ADMIN0ISO3! + str( !IU_ID2!).zfill(5)" PYTHON_9.3 #</Process><Process ToolSource="c:\program files (x86)\arcgis\desktop10.3\ArcToolbox\Toolboxes\Data Management Tools.tbx\CalculateField" Date="20170312" Time="134211">CalculateField AFRO_IUs_201703 ADMIN3ID [IU_ID2] VB #</Process><Process ToolSource="c:\program files (x86)\arcgis\desktop10.3\ArcToolbox\Toolboxes\Data Management Tools.tbx\CalculateField" Date="20170312" Time="134224">CalculateField AFRO_IUs_201703 IU_ID "!ADMIN0ISO3! + str( !IU_ID2!).zfill(5)" PYTHON_9.3 #</Process><Process ToolSource="c:\program files (x86)\arcgis\desktop10.3\ArcToolbox\Toolboxes\Data Management Tools.tbx\CalculateField" Date="20170312" Time="143053">CalculateField AFRO_IUs_201703 ADMIN0ISO3 "COD" VB #</Process><Process ToolSource="c:\program files (x86)\arcgis\desktop10.3\ArcToolbox\Toolboxes\Data Management Tools.tbx\CalculateField" Date="20170312" Time="143336">CalculateField AFRO_IUs_201703 IU_ID "!ADMIN0ISO3! + str( !IU_ID2!).zfill(5)" PYTHON_9.3 #</Process><Process ToolSource="c:\program files (x86)\arcgis\desktop10.3\ArcToolbox\Toolboxes\Data Management Tools.tbx\CalculateField" Date="20170315" Time="154531">CalculateField AFRO_IUs_201703 IU_ID2 [ADMIN2ID] VB #</Process><Process ToolSource="c:\program files (x86)\arcgis\desktop10.3\ArcToolbox\Toolboxes\Data Management Tools.tbx\CalculateField" Date="20170315" Time="154548">CalculateField AFRO_IUs_201703 IU_ID "!ADMIN0ISO3! + str( !IU_ID2!).zfill(5)" PYTHON_9.3 #</Process><Process ToolSource="c:\program files (x86)\arcgis\desktop10.3\ArcToolbox\Toolboxes\Data Management Tools.tbx\CalculateField" Date="20170316" Time="111021">CalculateField AFRO_IUs_201703b ADMIN1ID [ADMIN0] VB #</Process><Process ToolSource="c:\program files (x86)\arcgis\desktop10.3\ArcToolbox\Toolboxes\Data Management Tools.tbx\CalculateField" Date="20170316" Time="111033">CalculateField AFRO_IUs_201703b ADMIN0 "Zambia" VB #</Process><Process ToolSource="c:\program files (x86)\arcgis\desktop10.3\ArcToolbox\Toolboxes\Data Management Tools.tbx\CalculateField" Date="20170316" Time="111047">CalculateField AFRO_IUs_201703b CONTINENT "Africa" VB #</Process><Process ToolSource="c:\program files (x86)\arcgis\desktop10.3\ArcToolbox\Toolboxes\Data Management Tools.tbx\CalculateField" Date="20170316" Time="111055">CalculateField AFRO_IUs_201703b REGION "Eastern Africa" VB #</Process><Process ToolSource="c:\program files (x86)\arcgis\desktop10.3\ArcToolbox\Toolboxes\Data Management Tools.tbx\CalculateField" Date="20170316" Time="111108">CalculateField AFRO_IUs_201703b WHO_REGION "AFRO" VB #</Process><Process ToolSource="c:\program files (x86)\arcgis\desktop10.3\ArcToolbox\Toolboxes\Data Management Tools.tbx\CalculateField" Date="20170316" Time="111218">CalculateField AFRO_IUs_201703b ADMIN0ID 46 VB #</Process><Process ToolSource="c:\program files (x86)\arcgis\desktop10.3\ArcToolbox\Toolboxes\Data Management Tools.tbx\CalculateField" Date="20170316" Time="111233">CalculateField AFRO_IUs_201703b ADMIN0_FIP "ZA" VB #</Process><Process ToolSource="c:\program files (x86)\arcgis\desktop10.3\ArcToolbox\Toolboxes\Data Management Tools.tbx\CalculateField" Date="20170316" Time="111246">CalculateField AFRO_IUs_201703b ADMIN0ISO2 "ZM" VB #</Process><Process ToolSource="c:\program files (x86)\arcgis\desktop10.3\ArcToolbox\Toolboxes\Data Management Tools.tbx\CalculateField" Date="20170316" Time="111258">CalculateField AFRO_IUs_201703b ADMIN0ISO3 "ZMB" VB #</Process><Process ToolSource="c:\program files (x86)\arcgis\desktop10.3\ArcToolbox\Toolboxes\Data Management Tools.tbx\CalculateField" Date="20170316" Time="111310">CalculateField AFRO_IUs_201703b IUs_ADM "ADM2" VB #</Process><Process ToolSource="c:\program files (x86)\arcgis\desktop10.3\ArcToolbox\Toolboxes\Data Management Tools.tbx\CalculateField" Date="20170316" Time="111433">CalculateField AFRO_IUs_201703b IUs_NAME [ADMIN2] VB #</Process><Process ToolSource="c:\program files (x86)\arcgis\desktop10.3\ArcToolbox\Toolboxes\Data Management Tools.tbx\CalculateField" Date="20170316" Time="111451">CalculateField AFRO_IUs_201703b IU_ID "!ADMIN0ISO3! + str( !IU_ID2!).zfill(5)" PYTHON_9.3 #</Process><Process ToolSource="c:\program files (x86)\arcgis\desktop10.3\ArcToolbox\Toolboxes\Data Management Tools.tbx\CalculateField" Date="20170316" Time="111518">CalculateField AFRO_IUs_201703b LASTUPDATE "20170316" VB #</Process><Process ToolSource="c:\program files (x86)\arcgis\desktop10.3\ArcToolbox\Toolboxes\Data Management Tools.tbx\CalculateField" Date="20170316" Time="111530">CalculateField AFRO_IUs_201703b CARTO "AFRO" VB #</Process><Process ToolSource="c:\program files (x86)\arcgis\desktop10.3\ArcToolbox\Toolboxes\Data Management Tools.tbx\CalculateField" Date="20170327" Time="170512">CalculateField AFRO_IUs_201703 ADMIN1ID 1503 VB #</Process><Process ToolSource="c:\program files (x86)\arcgis\desktop10.3\ArcToolbox\Toolboxes\Data Management Tools.tbx\CalculateField" Date="20170327" Time="170544">CalculateField AFRO_IUs_201703 ADMIN1 "Kongo-Central" VB #</Process><Process ToolSource="c:\program files (x86)\arcgis\desktop10.3\ArcToolbox\Toolboxes\Data Management Tools.tbx\CalculateField" Date="20170327" Time="170752">CalculateField AFRO_IUs_201703 ADMIN1ID 10 VB #</Process><Process ToolSource="c:\program files (x86)\arcgis\desktop10.3\ArcToolbox\Toolboxes\Data Management Tools.tbx\CalculateField" Date="20170327" Time="170812">CalculateField AFRO_IUs_201703 ADMIN1ID 20 VB #</Process><Process ToolSource="c:\program files (x86)\arcgis\desktop10.3\ArcToolbox\Toolboxes\Data Management Tools.tbx\CalculateField" Date="20170327" Time="170829">CalculateField AFRO_IUs_201703 ADMIN1ID 31 VB #</Process><Process ToolSource="c:\program files (x86)\arcgis\desktop10.3\ArcToolbox\Toolboxes\Data Management Tools.tbx\CalculateField" Date="20170327" Time="170845">CalculateField AFRO_IUs_201703 ADMIN1 "Kwango" VB #</Process><Process ToolSource="c:\program files (x86)\arcgis\desktop10.3\ArcToolbox\Toolboxes\Data Management Tools.tbx\CalculateField" Date="20170327" Time="170902">CalculateField AFRO_IUs_201703 ADMIN1 "Kwilu" VB #</Process><Process ToolSource="c:\program files (x86)\arcgis\desktop10.3\ArcToolbox\Toolboxes\Data Management Tools.tbx\CalculateField" Date="20170327" Time="170912">CalculateField AFRO_IUs_201703 ADMIN1ID 32 VB #</Process><Process ToolSource="c:\program files (x86)\arcgis\desktop10.3\ArcToolbox\Toolboxes\Data Management Tools.tbx\CalculateField" Date="20170327" Time="170934">CalculateField AFRO_IUs_201703 ADMIN1ID 33 VB #</Process><Process ToolSource="c:\program files (x86)\arcgis\desktop10.3\ArcToolbox\Toolboxes\Data Management Tools.tbx\CalculateField" Date="20170327" Time="170941">CalculateField AFRO_IUs_201703 ADMIN1 "Maï-Ndombe" VB #</Process><Process ToolSource="c:\program files (x86)\arcgis\desktop10.3\ArcToolbox\Toolboxes\Data Management Tools.tbx\CalculateField" Date="20170327" Time="171023">CalculateField AFRO_IUs_201703 ADMIN1 "Equateur" VB #</Process><Process ToolSource="c:\program files (x86)\arcgis\desktop10.3\ArcToolbox\Toolboxes\Data Management Tools.tbx\CalculateField" Date="20170327" Time="171029">CalculateField AFRO_IUs_201703 ADMIN1ID 41 VB #</Process><Process ToolSource="c:\program files (x86)\arcgis\desktop10.3\ArcToolbox\Toolboxes\Data Management Tools.tbx\CalculateField" Date="20170327" Time="171048">CalculateField AFRO_IUs_201703 ADMIN1ID 42 VB #</Process><Process ToolSource="c:\program files (x86)\arcgis\desktop10.3\ArcToolbox\Toolboxes\Data Management Tools.tbx\CalculateField" Date="20170327" Time="171056">CalculateField AFRO_IUs_201703 ADMIN1 "Sud-Ubangi" VB #</Process><Process ToolSource="c:\program files (x86)\arcgis\desktop10.3\ArcToolbox\Toolboxes\Data Management Tools.tbx\CalculateField" Date="20170327" Time="171128">CalculateField AFRO_IUs_201703 ADMIN1 "Nord-Ubangi" VB #</Process><Process ToolSource="c:\program files (x86)\arcgis\desktop10.3\ArcToolbox\Toolboxes\Data Management Tools.tbx\CalculateField" Date="20170327" Time="171133">CalculateField AFRO_IUs_201703 ADMIN1ID 43 VB #</Process><Process ToolSource="c:\program files (x86)\arcgis\desktop10.3\ArcToolbox\Toolboxes\Data Management Tools.tbx\CalculateField" Date="20170327" Time="171150">CalculateField AFRO_IUs_201703 ADMIN1ID 44 VB #</Process><Process ToolSource="c:\program files (x86)\arcgis\desktop10.3\ArcToolbox\Toolboxes\Data Management Tools.tbx\CalculateField" Date="20170327" Time="171157">CalculateField AFRO_IUs_201703 ADMIN1 "Mongala" VB #</Process><Process ToolSource="c:\program files (x86)\arcgis\desktop10.3\ArcToolbox\Toolboxes\Data Management Tools.tbx\CalculateField" Date="20170327" Time="171219">CalculateField AFRO_IUs_201703 ADMIN1 "Tshuapa" VB #</Process><Process ToolSource="c:\program files (x86)\arcgis\desktop10.3\ArcToolbox\Toolboxes\Data Management Tools.tbx\CalculateField" Date="20170327" Time="171224">CalculateField AFRO_IUs_201703 ADMIN1ID 45 VB #</Process><Process ToolSource="c:\program files (x86)\arcgis\desktop10.3\ArcToolbox\Toolboxes\Data Management Tools.tbx\CalculateField" Date="20170327" Time="171244">CalculateField AFRO_IUs_201703 ADMIN1ID 51 VB #</Process><Process ToolSource="c:\program files (x86)\arcgis\desktop10.3\ArcToolbox\Toolboxes\Data Management Tools.tbx\CalculateField" Date="20170327" Time="171255">CalculateField AFRO_IUs_201703 ADMIN1 "Tshopo" VB #</Process><Process ToolSource="c:\program files (x86)\arcgis\desktop10.4\ArcToolbox\Toolboxes\Data Management Tools.tbx\CalculateField" Date="20170417" Time="143255">CalculateField AFRO_IUs_201704_zh_17April2017 ADMIN1 "Alibori" VB #</Process><Process ToolSource="c:\program files (x86)\arcgis\desktop10.4\ArcToolbox\Toolboxes\Data Management Tools.tbx\CalculateField" Date="20170417" Time="143421">CalculateField AFRO_IUs_201704_zh_17April2017 ADMIN1ID 367 VB #</Process><Process ToolSource="c:\program files (x86)\arcgis\desktop10.4\ArcToolbox\Toolboxes\Data Management Tools.tbx\CalculateField" Date="20170417" Time="144156">CalculateField AFRO_IUs_201704_zh_17April2017 ADMIN1 "Collines" VB #</Process><Process ToolSource="c:\program files (x86)\arcgis\desktop10.4\ArcToolbox\Toolboxes\Data Management Tools.tbx\CalculateField" Date="20170417" Time="144649">CalculateField AFRO_IUs_201704_zh_17April2017 ADMIN1 "Couffo" VB #</Process><Process ToolSource="c:\program files (x86)\arcgis\desktop10.4\ArcToolbox\Toolboxes\Data Management Tools.tbx\CalculateField" Date="20170417" Time="144741">CalculateField AFRO_IUs_201704_zh_17April2017 ADMIN1ID 373 VB #</Process><Process ToolSource="c:\program files (x86)\arcgis\desktop10.4\ArcToolbox\Toolboxes\Data Management Tools.tbx\CalculateField" Date="20170417" Time="145124">CalculateField AFRO_IUs_201704_zh_17April2017 ADMIN1 "Donga" VB #</Process><Process ToolSource="c:\program files (x86)\arcgis\desktop10.4\ArcToolbox\Toolboxes\Data Management Tools.tbx\CalculateField" Date="20170417" Time="145147">CalculateField AFRO_IUs_201704_zh_17April2017 ADMIN1ID 372 VB #</Process><Process ToolSource="c:\program files (x86)\arcgis\desktop10.4\ArcToolbox\Toolboxes\Data Management Tools.tbx\CalculateField" Date="20170417" Time="145255">CalculateField AFRO_IUs_201704_zh_17April2017 ADMIN1 "Littoral" VB #</Process><Process ToolSource="c:\program files (x86)\arcgis\desktop10.4\ArcToolbox\Toolboxes\Data Management Tools.tbx\CalculateField" Date="20170417" Time="145603">CalculateField AFRO_IUs_201704_zh_17April2017 ADMIN1 "Plateau" VB #</Process><Process ToolSource="c:\program files (x86)\arcgis\desktop10.4\ArcToolbox\Toolboxes\Data Management Tools.tbx\CalculateField" Date="20170417" Time="145630">CalculateField AFRO_IUs_201704_zh_17April2017 ADMIN1ID 377 VB #</Process><Process ToolSource="c:\program files (x86)\arcgis\desktop10.4\ArcToolbox\Toolboxes\Data Management Tools.tbx\CalculateField" Date="20170417" Time="155443">CalculateField AFRO_IUs_201704_zh_17April2017 ADMIN1 "Centre" VB #</Process><Process ToolSource="c:\program files (x86)\arcgis\desktop10.4\ArcToolbox\Toolboxes\Data Management Tools.tbx\CalculateField" Date="20170417" Time="155537">CalculateField AFRO_IUs_201704_zh_17April2017 ADMIN1 "Centre-Est" VB #</Process><Process ToolSource="c:\program files (x86)\arcgis\desktop10.4\ArcToolbox\Toolboxes\Data Management Tools.tbx\CalculateField" Date="20170417" Time="155605">CalculateField AFRO_IUs_201704_zh_17April2017 ADMIN1 "Centre-Sud" VB #</Process><Process ToolSource="c:\program files (x86)\arcgis\desktop10.4\ArcToolbox\Toolboxes\Data Management Tools.tbx\CalculateField" Date="20170417" Time="155626">CalculateField AFRO_IUs_201704_zh_17April2017 ADMIN1 "Est" VB #</Process><Process ToolSource="c:\program files (x86)\arcgis\desktop10.4\ArcToolbox\Toolboxes\Data Management Tools.tbx\CalculateField" Date="20170417" Time="155734">CalculateField AFRO_IUs_201704_zh_17April2017 ADMIN1 "Libreville-Owendo" VB #</Process><Process ToolSource="c:\program files (x86)\arcgis\desktop10.4\ArcToolbox\Toolboxes\Data Management Tools.tbx\CalculateField" Date="20170417" Time="155743">CalculateField AFRO_IUs_201704_zh_17April2017 ADMIN1ID 2051 VB #</Process><Process ToolSource="c:\program files (x86)\arcgis\desktop10.4\ArcToolbox\Toolboxes\Data Management Tools.tbx\CalculateField" Date="20170417" Time="155829">CalculateField AFRO_IUs_201704_zh_17April2017 ADMIN1 "Maritime" VB #</Process><Process ToolSource="c:\program files (x86)\arcgis\desktop10.4\ArcToolbox\Toolboxes\Data Management Tools.tbx\CalculateField" Date="20170417" Time="155855">CalculateField AFRO_IUs_201704_zh_17April2017 ADMIN1 "Nord" VB #</Process><Process ToolSource="c:\program files (x86)\arcgis\desktop10.4\ArcToolbox\Toolboxes\Data Management Tools.tbx\CalculateField" Date="20170417" Time="155924">CalculateField AFRO_IUs_201704_zh_17April2017 ADMIN1 "Ouest" VB #</Process><Process ToolSource="c:\program files (x86)\arcgis\desktop10.4\ArcToolbox\Toolboxes\Data Management Tools.tbx\CalculateField" Date="20170417" Time="155950">CalculateField AFRO_IUs_201704_zh_17April2017 ADMIN1 "Sud" VB #</Process><Process ToolSource="c:\program files (x86)\arcgis\desktop10.4\ArcToolbox\Toolboxes\Data Management Tools.tbx\CalculateField" Date="20170417" Time="160031">CalculateField AFRO_IUs_201704_zh_17April2017 ADMIN1 "Sud-Est" VB #</Process><Process ToolSource="c:\program files (x86)\arcgis\desktop10.4\ArcToolbox\Toolboxes\Data Management Tools.tbx\CalculateField" Date="20170417" Time="160108">CalculateField AFRO_IUs_201704_zh_17April2017 ADMIN1 "Centre-Sud" VB #</Process><Process ToolSource="c:\program files (x86)\arcgis\desktop10.4\ArcToolbox\Toolboxes\Data Management Tools.tbx\CalculateField" Date="20170417" Time="233610">CalculateField AFRO_IUs_201704_zh_17April2017 IUs_NAME "Djougou" VB #</Process><Process ToolSource="c:\program files (x86)\arcgis\desktop10.4\ArcToolbox\Toolboxes\Data Management Tools.tbx\CalculateField" Date="20170419" Time="230815">CalculateField AFRO_IUs_latest IUs_NAME "GUITRY" VB #</Process><Process ToolSource="c:\program files (x86)\arcgis\desktop10.4\ArcToolbox\Toolboxes\Data Management Tools.tbx\CalculateField" Date="20170419" Time="232827">CalculateField AFRO_IUs_latest IU_ID 15411 VB #</Process><Process ToolSource="c:\program files (x86)\arcgis\desktop10.4\ArcToolbox\Toolboxes\Data Management Tools.tbx\CalculateField" Date="20170419" Time="232852">CalculateField AFRO_IUs_latest IU_ID "CIV15411" VB #</Process><Process ToolSource="c:\program files (x86)\arcgis\desktop10.4\ArcToolbox\Toolboxes\Data Management Tools.tbx\CalculateField" Date="20170419" Time="232909">CalculateField AFRO_IUs_latest IU_ID2 15411 VB #</Process><Process ToolSource="c:\program files (x86)\arcgis\desktop10.4\ArcToolbox\Toolboxes\Data Management Tools.tbx\CalculateField" Date="20170420" Time="155643">CalculateField AFRO_IUs_latest IUs_NAME "Kirdimi" VB #</Process><Process ToolSource="c:\program files (x86)\arcgis\desktop10.4\ArcToolbox\Toolboxes\Data Management Tools.tbx\CalculateField" Date="20170420" Time="155839">CalculateField AFRO_IUs_latest LASTUPDATE 20170420 VB #</Process><Process ToolSource="c:\program files (x86)\arcgis\desktop10.4\ArcToolbox\Toolboxes\Data Management Tools.tbx\CalculateField" Date="20170420" Time="160122">CalculateField AFRO_IUs_latest IUs_NAME "Lame" VB #</Process><Process ToolSource="c:\program files (x86)\arcgis\desktop10.4\ArcToolbox\Toolboxes\Data Management Tools.tbx\CalculateField" Date="20170420" Time="160138">CalculateField AFRO_IUs_latest LASTUPDATE 20170420 VB #</Process><Process ToolSource="c:\program files (x86)\arcgis\desktop10.4\ArcToolbox\Toolboxes\Data Management Tools.tbx\CalculateField" Date="20170501" Time="151301">CalculateField "Implementation units" ADMIN3ID 18629 VB #</Process><Process ToolSource="c:\program files (x86)\arcgis\desktop10.4\ArcToolbox\Toolboxes\Data Management Tools.tbx\CalculateField" Date="20170501" Time="151314">CalculateField "Implementation units" IU_ID "ET18629" VB #</Process><Process ToolSource="c:\program files (x86)\arcgis\desktop10.4\ArcToolbox\Toolboxes\Data Management Tools.tbx\CalculateField" Date="20170501" Time="151324">CalculateField "Implementation units" IU_ID2 "18629" VB #</Process><Process ToolSource="c:\program files (x86)\arcgis\desktop10.4\ArcToolbox\Toolboxes\Data Management Tools.tbx\CalculateField" Date="20170501" Time="151925">CalculateField "Implementation units" ADMIN3ID 19230 VB #</Process><Process ToolSource="c:\program files (x86)\arcgis\desktop10.4\ArcToolbox\Toolboxes\Data Management Tools.tbx\CalculateField" Date="20170501" Time="151934">CalculateField "Implementation units" IU_ID2 19230 VB #</Process><Process ToolSource="c:\program files (x86)\arcgis\desktop10.4\ArcToolbox\Toolboxes\Data Management Tools.tbx\CalculateField" Date="20170501" Time="151944">CalculateField "Implementation units" IU_ID "ET19230" VB #</Process><Process ToolSource="c:\program files (x86)\arcgis\desktop10.4\ArcToolbox\Toolboxes\Data Management Tools.tbx\CalculateField" Date="20170501" Time="152227">CalculateField "Implementation units" ADMIN3ID 19196 VB #</Process><Process ToolSource="c:\program files (x86)\arcgis\desktop10.4\ArcToolbox\Toolboxes\Data Management Tools.tbx\CalculateField" Date="20170501" Time="152239">CalculateField "Implementation units" IU_ID2 19196 VB #</Process><Process ToolSource="c:\program files (x86)\arcgis\desktop10.4\ArcToolbox\Toolboxes\Data Management Tools.tbx\CalculateField" Date="20170501" Time="152252">CalculateField "Implementation units" IU_ID "ET19196" VB #</Process><Process ToolSource="c:\program files (x86)\arcgis\desktop10.3\ArcToolbox\Toolboxes\Data Management Tools.tbx\CalculateField" Date="20170530" Time="101004">CalculateField AFRO_IUs_201705 IU_ID "!ADMIN0ISO3! + str( !IU_ID2!).zfill(5)" PYTHON_9.3 #</Process><Process ToolSource="c:\program files (x86)\arcgis\desktop10.3\ArcToolbox\Toolboxes\Data Management Tools.tbx\CalculateField" Date="20170608" Time="142324">CalculateField AFRO_IUs_201705 IU_ID "!ADMIN0ISO3! + str( !IU_ID2!).zfill(5)" PYTHON_9.3 #</Process><Process ToolSource="c:\program files (x86)\arcgis\desktop10.3\ArcToolbox\Toolboxes\Data Management Tools.tbx\CalculateField" Date="20170608" Time="142346">CalculateField AFRO_IUs_201705 IU_ID "!ADMIN0ISO3! + str( !IU_ID2!).zfill(5)" PYTHON_9.3 #</Process><Process ToolSource="c:\program files (x86)\arcgis\desktop10.4\ArcToolbox\Toolboxes\Data Management Tools.tbx\CalculateField" Date="20170918" Time="223654">CalculateField AFRO_IUs_201708 CONTINENT "Africa" VB #</Process><Process ToolSource="c:\program files (x86)\arcgis\desktop10.4\ArcToolbox\Toolboxes\Data Management Tools.tbx\CalculateField" Date="20170918" Time="223739">CalculateField AFRO_IUs_201708 REGION "Northen Africa" VB #</Process><Process ToolSource="c:\program files (x86)\arcgis\desktop10.4\ArcToolbox\Toolboxes\Data Management Tools.tbx\CalculateField" Date="20170918" Time="223800">CalculateField AFRO_IUs_201708 WHO_REGION "EMRO" VB #</Process><Process ToolSource="c:\program files (x86)\arcgis\desktop10.4\ArcToolbox\Toolboxes\Data Management Tools.tbx\CalculateField" Date="20170918" Time="223829">CalculateField AFRO_IUs_201708 ADMIN0ISO2 "SD" VB #</Process><Process ToolSource="c:\program files (x86)\arcgis\desktop10.4\ArcToolbox\Toolboxes\Data Management Tools.tbx\CalculateField" Date="20170918" Time="223911">CalculateField AFRO_IUs_201708 ADMIN0ISO3 "SDN" VB #</Process><Process ToolSource="c:\program files (x86)\arcgis\desktop10.4\ArcToolbox\Toolboxes\Data Management Tools.tbx\CalculateField" Date="20170918" Time="224002">CalculateField AFRO_IUs_201708 IUs_NAME [ADMIN2] VB #</Process><Process ToolSource="c:\program files (x86)\arcgis\desktop10.4\ArcToolbox\Toolboxes\Data Management Tools.tbx\CalculateField" Date="20170918" Time="224043">CalculateField AFRO_IUs_201708 IU_ID "[ADMIN0ISO3] &amp; [IU_ID2]" VB #</Process><Process ToolSource="c:\program files (x86)\arcgis\desktop10.4\ArcToolbox\Toolboxes\Data Management Tools.tbx\CalculateField" Date="20170918" Time="224108">CalculateField AFRO_IUs_201708 LASTUPDATE "20170918" VB #</Process><Process ToolSource="c:\program files (x86)\arcgis\desktop10.4\ArcToolbox\Toolboxes\Data Management Tools.tbx\CalculateField" Date="20170918" Time="224122">CalculateField AFRO_IUs_201708 CARTO "ESPEN" VB #</Process><Process ToolSource="c:\program files (x86)\arcgis\desktop10.4\ArcToolbox\Toolboxes\Data Management Tools.tbx\CalculateField" Date="20170918" Time="224319">CalculateField AFRO_IUs_201708 IUs_ADM "ADM2" VB #</Process><Process ToolSource="c:\program files (x86)\arcgis\desktop10.4\ArcToolbox\Toolboxes\Data Management Tools.tbx\CalculateField" Date="20170918" Time="224521">CalculateField AFRO_IUs_201708 ADMIN0_FIP "SU" VB #</Process><Process ToolSource="c:\program files (x86)\arcgis\desktop10.4\ArcToolbox\Toolboxes\Data Management Tools.tbx\CalculateField" Date="20170918" Time="224641">CalculateField AFRO_IUs_201708 WHO_REGION "AFRO" VB #</Process><Process ToolSource="c:\program files (x86)\arcgis\desktop10.5\ArcToolbox\Toolboxes\Analysis Tools.tbx\Erase" Date="20180215" Time="135612">Erase AFRO_IUs_201802 Uganda_linked E:\GIS_Cartography\GIS_Documents\Proyectos_GIS\LSHTM_projects\Others\WHO_AFRO_maps\WHO_Mapping_Cleaned.gdb\Basemap\AFRO_IUs_201802b #</Process><Process ToolSource="c:\program files (x86)\arcgis\desktop10.5\ArcToolbox\Toolboxes\Analysis Tools.tbx\Erase" Date="20180222" Time="133320">Erase AFRO_IUs_201802 DRC_20180222 E:\GIS_Cartography\GIS_Documents\Proyectos_GIS\LSHTM_projects\Others\WHO_AFRO_maps\WHO_Mapping_Cleaned.gdb\Basemap\AFRO_IUs_201802b #</Process><Process ToolSource="c:\program files (x86)\arcgis\desktop10.5\ArcToolbox\Toolboxes\Analysis Tools.tbx\Erase" Date="20180222" Time="135848">Erase AFRO_IUs_201802 ETH_20180222 E:\GIS_Cartography\GIS_Documents\Proyectos_GIS\LSHTM_projects\Others\WHO_AFRO_maps\WHO_Mapping_Cleaned.gdb\Basemap\AFRO_IUs_201802b #</Process><Process ToolSource="c:\program files (x86)\arcgis\desktop10.5\ArcToolbox\Toolboxes\Analysis Tools.tbx\Erase" Date="20180222" Time="142853">Erase AFRO_IUs_201802 GW_20180222 E:\GIS_Cartography\GIS_Documents\Proyectos_GIS\LSHTM_projects\Others\WHO_AFRO_maps\WHO_Mapping_Cleaned.gdb\Basemap\AFRO_IUs_201802b #</Process><Process ToolSource="c:\program files (x86)\arcgis\desktop10.5\ArcToolbox\Toolboxes\Data Management Tools.tbx\CalculateField" Date="20180222" Time="143239">CalculateField AFRO_IUs_201802 IU_ID "!ADMIN0ISO3! + str( !IU_ID2!).zfill(5)" PYTHON_9.3 #</Process><Process ToolSource="c:\program files (x86)\arcgis\desktop10.5\ArcToolbox\Toolboxes\Data Management Tools.tbx\CalculateField" Date="20180222" Time="144019">CalculateField AFRO_IUs_201802 IU_ID "!ADMIN0ISO3! + str( !IU_ID2!).zfill(5)" PYTHON_9.3 #</Process><Process ToolSource="c:\program files (x86)\arcgis\desktop10.5\ArcToolbox\Toolboxes\Data Management Tools.tbx\CalculateField" Date="20180223" Time="123506">CalculateField AFRO_IUs_201802 IU_ID "!ADMIN0ISO3! + str( !IU_ID2!).zfill(5)" PYTHON_9.3 #</Process><Process ToolSource="c:\program files (x86)\arcgis\desktop10.5\ArcToolbox\Toolboxes\Data Management Tools.tbx\CalculateField" Date="20180223" Time="143241">CalculateField AFRO_IUs_201802 IU_ID "!ADMIN0ISO3! + str( !IU_ID2!).zfill(5)" PYTHON_9.3 #</Process><Process ToolSource="c:\program files (x86)\arcgis\desktop10.5\ArcToolbox\Toolboxes\Data Management Tools.tbx\CalculateField" Date="20180223" Time="144640">CalculateField AFRO_IUs_201802 IU_ID "!ADMIN0ISO3! + str( !IU_ID2!).zfill(5)" PYTHON_9.3 #</Process><Process ToolSource="c:\program files (x86)\arcgis\desktop10.5\ArcToolbox\Toolboxes\Data Management Tools.tbx\CalculateField" Date="20180223" Time="152852">CalculateField AFRO_IUs_201802 IU_ID "!ADMIN0ISO3! + str( !IU_ID2!).zfill(5)" PYTHON_9.3 #</Process><Process ToolSource="c:\program files (x86)\arcgis\desktop10.5\ArcToolbox\Toolboxes\Data Management Tools.tbx\CalculateField" Date="20180223" Time="154630">CalculateField AFRO_IUs_201802 IU_ID "!ADMIN0ISO3! + str( !IU_ID2!).zfill(5)" PYTHON_9.3 #</Process><Process ToolSource="c:\program files (x86)\arcgis\desktop10.5\ArcToolbox\Toolboxes\Analysis Tools.tbx\Erase" Date="20180709" Time="133251">Erase AFRO_IUs_201807 Burkina_Faso_201807 "D:\Dropbox (LSoHaTM)\ESPEN_data\IU_shapefiles\ESPEN\AFRO_IU_historical.gdb\Basemaps\AFRO_IUs_201807b" #</Process><Process ToolSource="c:\program files (x86)\arcgis\desktop10.5\ArcToolbox\Toolboxes\Data Management Tools.tbx\CalculateField" Date="20180710" Time="113946">CalculateField AFRO_IUs_201807 LASTUPDATE 20180710 VB #</Process><Process ToolSource="c:\program files (x86)\arcgis\desktop10.5\ArcToolbox\Toolboxes\Data Management Tools.tbx\CalculateField" Date="20181121" Time="161632">CalculateField AFRO_IUs_201807 ADMIN0_FIP "TZ" VB #</Process><Process ToolSource="c:\program files (x86)\arcgis\desktop10.5\ArcToolbox\Toolboxes\Data Management Tools.tbx\CalculateField" Date="20181121" Time="161811">CalculateField AFRO_IUs_201807 ADMIN0_FIP "ZZ" VB #</Process><Process ToolSource="c:\program files (x86)\arcgis\desktop10.5\ArcToolbox\Toolboxes\Data Management Tools.tbx\CalculateField" Date="20181122" Time="134523">CalculateField AFRO_IUs_201807 IU_ID "!ADMIN0ISO3! + str( !ADMIN1ID!).zfill(5)+ str( !IU_ID2! ).zfill(5)" PYTHON_9.3 #</Process><Process ToolSource="c:\program files (x86)\arcgis\desktop10.5\ArcToolbox\Toolboxes\Data Management Tools.tbx\CalculateField" Date="20181205" Time="115103">CalculateField AFRO_IUs_201807 IU_ID "!ADMIN0ISO3! + str( !ADMIN1ID!).zfill(5)+ str( !IU_ID2! ).zfill(5)" PYTHON_9.3 #</Process><Process ToolSource="c:\program files (x86)\arcgis\desktop10.5\ArcToolbox\Toolboxes\Data Management Tools.tbx\CalculateField" Date="20181205" Time="115704">CalculateField AFRO_IUs_201807 ADMIN0ID 13 VB #</Process><Process ToolSource="c:\program files (x86)\arcgis\desktop10.5\ArcToolbox\Toolboxes\Data Management Tools.tbx\CalculateField" Date="20181205" Time="115713">CalculateField AFRO_IUs_201807 ADMIN0ID 14 VB #</Process><Process ToolSource="c:\program files (x86)\arcgis\desktop10.5\ArcToolbox\Toolboxes\Data Management Tools.tbx\CalculateField" Date="20181205" Time="115758">CalculateField AFRO_IUs_201807 ADMIN0ID 19 VB #</Process><Process ToolSource="c:\program files (x86)\arcgis\desktop10.5\ArcToolbox\Toolboxes\Data Management Tools.tbx\CalculateField" Date="20181205" Time="115819">CalculateField AFRO_IUs_201807 ADMIN0ID 20 VB #</Process><Process ToolSource="c:\program files (x86)\arcgis\desktop10.5\ArcToolbox\Toolboxes\Data Management Tools.tbx\CalculateField" Date="20181205" Time="115830">CalculateField AFRO_IUs_201807 ADMIN0ID 21 VB #</Process><Process ToolSource="c:\program files (x86)\arcgis\desktop10.5\ArcToolbox\Toolboxes\Data Management Tools.tbx\CalculateField" Date="20181205" Time="115858">CalculateField AFRO_IUs_201807 ADMIN0ID 22 VB #</Process><Process ToolSource="c:\program files (x86)\arcgis\desktop10.5\ArcToolbox\Toolboxes\Data Management Tools.tbx\CalculateField" Date="20181205" Time="115909">CalculateField AFRO_IUs_201807 ADMIN0ID 23 VB #</Process><Process ToolSource="c:\program files (x86)\arcgis\desktop10.5\ArcToolbox\Toolboxes\Data Management Tools.tbx\CalculateField" Date="20181205" Time="115922">CalculateField AFRO_IUs_201807 ADMIN0ID 24 VB #</Process><Process ToolSource="c:\program files (x86)\arcgis\desktop10.5\ArcToolbox\Toolboxes\Data Management Tools.tbx\CalculateField" Date="20181205" Time="115933">CalculateField AFRO_IUs_201807 ADMIN0ID 25 VB #</Process><Process ToolSource="c:\program files (x86)\arcgis\desktop10.5\ArcToolbox\Toolboxes\Data Management Tools.tbx\CalculateField" Date="20181205" Time="115945">CalculateField AFRO_IUs_201807 ADMIN0ID 26 VB #</Process><Process ToolSource="c:\program files (x86)\arcgis\desktop10.5\ArcToolbox\Toolboxes\Data Management Tools.tbx\CalculateField" Date="20181205" Time="120002">CalculateField AFRO_IUs_201807 ADMIN0ID 27 VB #</Process><Process ToolSource="c:\program files (x86)\arcgis\desktop10.5\ArcToolbox\Toolboxes\Data Management Tools.tbx\CalculateField" Date="20181205" Time="120015">CalculateField AFRO_IUs_201807 ADMIN0ID 28 VB #</Process><Process ToolSource="c:\program files (x86)\arcgis\desktop10.5\ArcToolbox\Toolboxes\Data Management Tools.tbx\CalculateField" Date="20181205" Time="120032">CalculateField AFRO_IUs_201807 ADMIN0ID 29 VB #</Process><Process ToolSource="c:\program files (x86)\arcgis\desktop10.5\ArcToolbox\Toolboxes\Data Management Tools.tbx\CalculateField" Date="20181205" Time="120046">CalculateField AFRO_IUs_201807 ADMIN0ID 30 VB #</Process><Process ToolSource="c:\program files (x86)\arcgis\desktop10.5\ArcToolbox\Toolboxes\Data Management Tools.tbx\CalculateField" Date="20181205" Time="120059">CalculateField AFRO_IUs_201807 ADMIN0ID 31 VB #</Process><Process ToolSource="c:\program files (x86)\arcgis\desktop10.5\ArcToolbox\Toolboxes\Data Management Tools.tbx\CalculateField" Date="20181205" Time="120115">CalculateField AFRO_IUs_201807 ADMIN0ID 32 VB #</Process><Process ToolSource="c:\program files (x86)\arcgis\desktop10.5\ArcToolbox\Toolboxes\Data Management Tools.tbx\CalculateField" Date="20181205" Time="120127">CalculateField AFRO_IUs_201807 ADMIN0ID 33 VB #</Process><Process ToolSource="c:\program files (x86)\arcgis\desktop10.5\ArcToolbox\Toolboxes\Data Management Tools.tbx\CalculateField" Date="20181205" Time="120141">CalculateField AFRO_IUs_201807 ADMIN0ID 34 VB #</Process><Process ToolSource="c:\program files (x86)\arcgis\desktop10.5\ArcToolbox\Toolboxes\Data Management Tools.tbx\CalculateField" Date="20181205" Time="120155">CalculateField AFRO_IUs_201807 ADMIN0ID 35 VB #</Process><Process ToolSource="c:\program files (x86)\arcgis\desktop10.5\ArcToolbox\Toolboxes\Data Management Tools.tbx\CalculateField" Date="20181205" Time="120204">CalculateField AFRO_IUs_201807 ADMIN0ID 36 VB #</Process><Process ToolSource="c:\program files (x86)\arcgis\desktop10.5\ArcToolbox\Toolboxes\Data Management Tools.tbx\CalculateField" Date="20181205" Time="120223">CalculateField AFRO_IUs_201807 ADMIN0ID 37 VB #</Process><Process ToolSource="c:\program files (x86)\arcgis\desktop10.5\ArcToolbox\Toolboxes\Data Management Tools.tbx\CalculateField" Date="20181205" Time="120236">CalculateField AFRO_IUs_201807 ADMIN0ID 38 VB #</Process><Process ToolSource="c:\program files (x86)\arcgis\desktop10.5\ArcToolbox\Toolboxes\Data Management Tools.tbx\CalculateField" Date="20181205" Time="120248">CalculateField AFRO_IUs_201807 ADMIN0ID 39 VB #</Process><Process ToolSource="c:\program files (x86)\arcgis\desktop10.5\ArcToolbox\Toolboxes\Data Management Tools.tbx\CalculateField" Date="20181205" Time="120302">CalculateField AFRO_IUs_201807 ADMIN0ID 40 VB #</Process><Process ToolSource="c:\program files (x86)\arcgis\desktop10.5\ArcToolbox\Toolboxes\Data Management Tools.tbx\CalculateField" Date="20181205" Time="120315">CalculateField AFRO_IUs_201807 ADMIN0ID 41 VB #</Process><Process ToolSource="c:\program files (x86)\arcgis\desktop10.5\ArcToolbox\Toolboxes\Data Management Tools.tbx\CalculateField" Date="20181205" Time="120327">CalculateField AFRO_IUs_201807 ADMIN0ID 42 VB #</Process><Process ToolSource="c:\program files (x86)\arcgis\desktop10.5\ArcToolbox\Toolboxes\Data Management Tools.tbx\CalculateField" Date="20181205" Time="120346">CalculateField AFRO_IUs_201807 ADMIN0ID 45 VB #</Process><Process ToolSource="c:\program files (x86)\arcgis\desktop10.5\ArcToolbox\Toolboxes\Data Management Tools.tbx\CalculateField" Date="20181205" Time="120409">CalculateField AFRO_IUs_201807 ADMIN0ID 5841 VB #</Process><Process ToolSource="c:\program files (x86)\arcgis\desktop10.5\ArcToolbox\Toolboxes\Data Management Tools.tbx\CalculateField" Date="20181205" Time="120422">CalculateField AFRO_IUs_201807 ADMIN0ID 43 VB #</Process><Process ToolSource="c:\program files (x86)\arcgis\desktop10.5\ArcToolbox\Toolboxes\Data Management Tools.tbx\CalculateField" Date="20181205" Time="120438">CalculateField AFRO_IUs_201807 ADMIN0ID 44 VB #</Process><Process ToolSource="c:\program files (x86)\arcgis\desktop10.5\ArcToolbox\Toolboxes\Data Management Tools.tbx\CalculateField" Date="20181205" Time="120456">CalculateField AFRO_IUs_201807 ADMIN0ID 46 VB #</Process><Process ToolSource="c:\program files (x86)\arcgis\desktop10.5\ArcToolbox\Toolboxes\Data Management Tools.tbx\CalculateField" Date="20181205" Time="120513">CalculateField AFRO_IUs_201807 ADMIN0ID 47 VB #</Process><Process ToolSource="c:\program files (x86)\arcgis\desktop10.5\ArcToolbox\Toolboxes\Data Management Tools.tbx\CalculateField" Date="20181205" Time="120945">CalculateField AFRO_IUs_201807 REGION "Western Africa" VB #</Process><Process ToolSource="c:\program files (x86)\arcgis\desktop10.5\ArcToolbox\Toolboxes\Data Management Tools.tbx\CalculateField" Date="20181205" Time="123742">CalculateField AFRO_IUs_201807 IU_ID "!ADMIN0ISO3! + str( !ADMIN1ID!).zfill(5)+ str( !IU_ID2! ).zfill(5)" PYTHON_9.3 #</Process><Process ToolSource="c:\program files (x86)\arcgis\desktop10.5\ArcToolbox\Toolboxes\Data Management Tools.tbx\Dissolve" Date="20181205" Time="144431">Dissolve AFRO_IUs_201812 "D:\Dropbox (LSoHaTM)\ESPEN_map_production\Shapefile_Layers\ESPEN_Layers.gdb\Basemap_AFRO_EMRO\AFRO_ADM0_201812" CONTINENT;REGION;WHO_REGION;ADMIN0;ADMIN0ID;ADMIN0_FIP;ADMIN0ISO2;ADMIN0ISO3 # MULTI_PART DISSOLVE_LINES</Process></lineage><itemProps><itemName Sync="TRUE">AFRO_ADM0_201812</itemName><imsContentType Sync="TRUE">002</imsContentType><itemLocation><linkage Sync="TRUE">file://\\IDCV0529\D\Dropbox (LSoHaTM)\ESPEN_map_production\Shapefile_Layers\Shapefiles\AFRO_ADM0_201812.shp</linkage><protocol Sync="TRUE">Local Area Network</protocol></itemLocation><itemSize Sync="TRUE">0.000</itemSize></itemProps><coordRef><type Sync="TRUE">Geographic</type><geogcsn Sync="TRUE">GCS_WGS_1984</geogcsn><csUnits Sync="TRUE">Angular Unit: Degree (0.017453)</csUnits><peXml Sync="TRUE">&lt;GeographicCoordinateSystem xsi:type='typens:GeographicCoordinateSystem' xmlns:xsi='http://www.w3.org/2001/XMLSchema-instance' xmlns:xs='http://www.w3.org/2001/XMLSchema' xmlns:typens='http://www.esri.com/schemas/ArcGIS/10.5'&gt;&lt;WKT&gt;GEOGCS[&amp;quot;GCS_WGS_1984&amp;quot;,DATUM[&amp;quot;D_WGS_1984&amp;quot;,SPHEROID[&amp;quot;WGS_1984&amp;quot;,6378137.0,298.257223563]],PRIMEM[&amp;quot;Greenwich&amp;quot;,0.0],UNIT[&amp;quot;Degree&amp;quot;,0.0174532925199433],AUTHORITY[&amp;quot;EPSG&amp;quot;,4326]]&lt;/WKT&gt;&lt;XOrigin&gt;-400&lt;/XOrigin&gt;&lt;YOrigin&gt;-400&lt;/YOrigin&gt;&lt;XYScale&gt;11258999068426.238&lt;/XYScale&gt;&lt;ZOrigin&gt;-100000&lt;/ZOrigin&gt;&lt;ZScale&gt;10000&lt;/ZScale&gt;&lt;MOrigin&gt;-100000&lt;/MOrigin&gt;&lt;MScale&gt;10000&lt;/MScale&gt;&lt;XYTolerance&gt;8.983152841195215e-009&lt;/XYTolerance&gt;&lt;ZTolerance&gt;0.001&lt;/ZTolerance&gt;&lt;MTolerance&gt;0.001&lt;/MTolerance&gt;&lt;HighPrecision&gt;true&lt;/HighPrecision&gt;&lt;LeftLongitude&gt;-180&lt;/LeftLongitude&gt;&lt;WKID&gt;4326&lt;/WKID&gt;&lt;LatestWKID&gt;4326&lt;/LatestWKID&gt;&lt;/GeographicCoordinateSystem&gt;</peXml></coordRef><copyHistory><copy source="Q:\Geodatabases\AFRO_IUs_07June2017\AFRO_IUs_201708" dest="\\HP-ZH\Q\Geodatabases\AFRO_IUs_18Sept2017\AFRO_IUs_201708" date="20170918" time="22350200"></copy></copyHistory></DataProperties><SyncDate>20181205</SyncDate><SyncTime>14484700</SyncTime><ModDate>20181205</ModDate><ModTime>14484700</ModTime></Esri><dataIdInfo><envirDesc Sync="TRUE">Microsoft Windows 7 Version 6.1 (Build 7601) Service Pack 1; Esri ArcGIS 10.5.0.6491</envirDesc><dataLang><languageCode value="eng" Sync="TRUE"></languageCode><countryCode value="GBR" Sync="TRUE"></countryCode></dataLang><idCitation><resTitle Sync="TRUE">AFRO_ADM0_201812</resTitle><presForm><PresFormCd value="005" Sync="TRUE"></PresFormCd></presForm></idCitation><spatRpType><SpatRepTypCd value="001" Sync="TRUE"></SpatRepTypCd></spatRpType></dataIdInfo><mdLang><languageCode value="eng" Sync="TRUE"></languageCode><countryCode value="GBR" Sync="TRUE"></countryCode></mdLang><distInfo><distFormat><formatName Sync="TRUE">Shapefile</formatName></distFormat><distTranOps><transSize Sync="TRUE">0.000</transSize></distTranOps></distInfo><mdHrLv><ScopeCd value="005" Sync="TRUE"></ScopeCd></mdHrLv><mdHrLvName Sync="TRUE">dataset</mdHrLvName><refSysInfo><RefSystem><refSysID><identCode code="4326" Sync="TRUE"></identCode><idCodeSpace Sync="TRUE">EPSG</idCodeSpace><idVersion Sync="TRUE">6.14(3.0.1)</idVersion></refSysID></RefSystem></refSysInfo><spatRepInfo><VectSpatRep><geometObjs Name="AFRO_ADM0_201812"><geoObjTyp><GeoObjTypCd value="002" Sync="TRUE"></GeoObjTypCd></geoObjTyp><geoObjCnt Sync="TRUE">0</geoObjCnt></geometObjs><topLvl><TopoLevCd value="001" Sync="TRUE"></TopoLevCd></topLvl></VectSpatRep></spatRepInfo><spdoinfo><ptvctinf><esriterm Name="AFRO_ADM0_201812"><efeatyp Sync="TRUE">Simple</efeatyp><efeageom code="4" Sync="TRUE"></efeageom><esritopo Sync="TRUE">FALSE</esritopo><efeacnt Sync="TRUE">0</efeacnt><spindex Sync="TRUE">FALSE</spindex><linrefer Sync="TRUE">FALSE</linrefer></esriterm></ptvctinf></spdoinfo><eainfo><detailed Name="AFRO_ADM0_201812"><enttyp><enttypl Sync="TRUE">AFRO_ADM0_201812</enttypl><enttypt Sync="TRUE">Feature Class</enttypt><enttypc Sync="TRUE">0</enttypc></enttyp><attr><attrlabl Sync="TRUE">FID</attrlabl><attalias Sync="TRUE">FID</attalias><attrtype Sync="TRUE">OID</attrtype><attwidth Sync="TRUE">4</attwidth><atprecis Sync="TRUE">0</atprecis><attscale Sync="TRUE">0</attscale><attrdef Sync="TRUE">Internal feature number.</attrdef><attrdefs Sync="TRUE">Esri</attrdefs><attrdomv><udom Sync="TRUE">Sequential unique whole numbers that are automatically generated.</udom></attrdomv></attr><attr><attrlabl Sync="TRUE">SHAPE</attrlabl><attalias Sync="TRUE">Shape</attalias><attrtype Sync="TRUE">Geometry</attrtype><attwidth Sync="TRUE">0</attwidth><atprecis Sync="TRUE">0</atprecis><attscale Sync="TRUE">0</attscale><attrdef Sync="TRUE">Feature geometry.</attrdef><attrdefs Sync="TRUE">Esri</attrdefs><attrdomv><udom Sync="TRUE">Coordinates defining the features.</udom></attrdomv></attr><attr><attrlabl Sync="TRUE">CONTINENT</attrlabl><attalias Sync="TRUE">CONTINENT</attalias><attrtype Sync="TRUE">String</attrtype><attwidth Sync="TRUE">50</attwidth><atprecis Sync="TRUE">0</atprecis><attscale Sync="TRUE">0</attscale></attr><attr><attrlabl Sync="TRUE">REGION</attrlabl><attalias Sync="TRUE">REGION</attalias><attrtype Sync="TRUE">String</attrtype><attwidth Sync="TRUE">50</attwidth><atprecis Sync="TRUE">0</atprecis><attscale Sync="TRUE">0</attscale></attr><attr><attrlabl Sync="TRUE">WHO_REGION</attrlabl><attalias Sync="TRUE">WHO_REGION</attalias><attrtype Sync="TRUE">String</attrtype><attwidth Sync="TRUE">50</attwidth><atprecis Sync="TRUE">0</atprecis><attscale Sync="TRUE">0</attscale></attr><attr><attrlabl Sync="TRUE">ADMIN0</attrlabl><attalias Sync="TRUE">ADMIN0</attalias><attrtype Sync="TRUE">String</attrtype><attwidth Sync="TRUE">50</attwidth><atprecis Sync="TRUE">0</atprecis><attscale Sync="TRUE">0</attscale></attr><attr><attrlabl Sync="TRUE">ADMIN0ID</attrlabl><attalias Sync="TRUE">ADMIN0ID</attalias><attrtype Sync="TRUE">Integer</attrtype><attwidth Sync="TRUE">10</attwidth><atprecis Sync="TRUE">10</atprecis><attscale Sync="TRUE">0</attscale></attr><attr><attrlabl Sync="TRUE">ADMIN0_FIP</attrlabl><attalias Sync="TRUE">ADMIN0_FIP</attalias><attrtype Sync="TRUE">String</attrtype><attwidth Sync="TRUE">50</attwidth><atprecis Sync="TRUE">0</atprecis><attscale Sync="TRUE">0</attscale></attr><attr><attrlabl Sync="TRUE">ADMIN0ISO2</attrlabl><attalias Sync="TRUE">ADMIN0ISO2</attalias><attrtype Sync="TRUE">String</attrtype><attwidth Sync="TRUE">50</attwidth><atprecis Sync="TRUE">0</atprecis><attscale Sync="TRUE">0</attscale></attr><attr><attrlabl Sync="TRUE">ADMIN0ISO3</attrlabl><attalias Sync="TRUE">ADMIN0ISO3</attalias><attrtype Sync="TRUE">String</attrtype><attwidth Sync="TRUE">50</attwidth><atprecis Sync="TRUE">0</atprecis><attscale Sync="TRUE">0</attscale></attr><attr><attrlabl Sync="TRUE">Shape_Leng</attrlabl><attalias Sync="TRUE">Shape_Leng</attalias><attrtype Sync="TRUE">Double</attrtype><attwidth Sync="TRUE">19</attwidth><atprecis Sync="TRUE">0</atprecis><attscale Sync="TRUE">0</attscale></attr><attr><attrlabl Sync="TRUE">SHAPE_Area</attrlabl><attalias Sync="TRUE">Shape_Area</attalias><attrtype Sync="TRUE">Double</attrtype><attwidth Sync="TRUE">19</attwidth><atprecis Sync="TRUE">0</atprecis><attscale Sync="TRUE">0</attscale><attrdef Sync="TRUE">Area of feature in internal units squared.</attrdef><attrdefs Sync="TRUE">Esri</attrdefs><attrdomv><udom Sync="TRUE">Positive real numbers that are automatically generated.</udom></attrdomv></attr></detailed></eainfo><mdDateSt Sync="TRUE">20181205</mdDateSt></metadata>
