district_names,total_treatment_alb_mbd,total_target_alb,total_target_mbd,lf_alb_total_procured,sac_alb_total_procured,sth_mbd_total_procured,pzq_total_treatment,pzq_total_procured,ivm_total_treatment,ivm_total_procured
AMAC,209417.0,0.0,502601.0,0.0,0.0,295139.0,255489.0,366847.0,110952.93486127794,311290.21761157823
Aba North,28912.0,0.0,28912.0,116227.0,0.0,0.0,13357.41,0.0,159677.7716315625,447992.7605683749
Aba South,114007.0,0.0,114007.0,458308.0,0.0,0.0,0.0,0.0,629647.9371921874,1766541.2241381248
Abaji,15720.0,0.0,0.0,63195.0,0.0,0.0,19178.4,27538.0,125760.0,176417.0
Abak,37412.0,0.0,179578.0,0.0,0.0,105453.0,0.0,0.0,0.0,0.0
Abakaliki,40810.0,0.0,97944.0,328113.0,0.0,57515.0,49788.2,71489.5,0.0,0.0
Abeokuta North,54153.0,0.0,54153.0,217696.0,0.0,0.0,216612.0,189725.0,295748.31985531247,607727.6
Abeokuta South,67319.0,0.0,67319.0,270624.0,0.0,0.0,82129.5,117926.75,361572.53561218746,755483.6
Abi,38949.0,0.0,0.0,156573.0,0.0,0.0,0.0,0.0,155794.0,437096.19999999995
Abo-Mbaise,52626.0,0.0,52626.0,211557.0,0.0,0.0,0.0,0.0,281497.71292374993,789770.5961864998
Abua/Odual,76117.0,0.0,365362.0,0.0,0.0,214549.0,0.0,0.0,0.0,0.0
Adadara,0.0,0.0,0.0,0.0,0.0,0.0,0.0,0.0,0.0,0.0
Adavi,54386.0,0.0,130526.0,0.0,0.0,76648.0,25126.2,0.0,217543.0,610339.3999999999
Ado,48115.0,0.0,48115.0,193424.0,0.0,0.0,22229.13,0.0,321256.53722906247,539968.7999999999
Ado Ekiti,83009.0,0.0,83009.0,333697.0,0.0,0.0,101271.1,145412.25,429194.49368312495,931560.7999999999
Ado-Odo/Ota,141634.0,0.0,141634.0,569370.0,0.0,0.0,0.0,0.0,836156.1027646874,1589476.5999999999
Afijo,36090.0,0.0,173230.0,0.0,0.0,101724.0,0.0,0.0,54960.16839968748,154196.47151912493
Afikpo North ,42125.0,0.0,42125.0,169343.0,0.0,0.0,19461.75,0.0,209086.75846312498,472744.0
Afikpo South,42249.0,0.0,101397.0,0.0,0.0,59543.0,0.0,0.0,0.0,0.0
Agaie,35749.0,0.0,35749.0,143711.0,0.0,0.0,43613.9,62624.25,226510.48330468746,401189.79999999993
Agatu,31073.0,0.0,74575.0,0.0,0.0,43793.0,14355.66,0.0,98562.54367999997,276527.1223039999
Agege,123713.0,0.0,0.0,0.0,0.0,0.0,57155.670000000006,143032.17500000002,0.0,0.0
Aguata,99568.0,0.0,99568.0,400264.0,0.0,0.0,0.0,0.0,453546.5343109375,1272470.2960706248
Agwara,15443.0,0.0,15443.0,62080.0,0.0,0.0,18840.2,27053.0,123542.0,173304.8
Ahiazu-Mbaise,45969.0,0.0,0.0,184795.0,0.0,0.0,0.0,0.0,367750.0,1031759.9999999999
Ahoada East,44851.0,0.0,152494.0,180303.0,0.0,63211.0,0.0,0.0,179405.0,503338.99999999994
Ahoada West,67090.0,0.0,161016.0,0.0,0.0,94553.0,0.0,0.0,0.0,0.0
Aijedaade,40452.0,0.0,40452.0,162618.0,0.0,0.0,18688.89,0.0,212948.97579812497,453969.4
Aijedire,20401.0,0.0,20401.0,82012.0,0.0,0.0,9425.130000000001,0.0,143081.8458065625,228945.4
Aiyekiri (Gbonyin,39859.0,0.0,0.0,160235.0,0.0,0.0,48628.3,69823.75,240847.17440999998,447316.6
Ajaokuta,32902.0,0.0,32902.0,132265.0,0.0,0.0,0.0,0.0,190126.6272596875,369233.79999999993
Ajeromi-Ifeledun,184009.0,0.0,441622.0,0.0,0.0,259331.0,0.0,0.0,0.0,0.0
Ajingi,46839.0,0.0,0.0,188293.0,0.0,0.0,21639.75,0.0,227409.39607437496,525646.8
Akamkpa,40649.0,0.0,40649.0,163410.0,0.0,0.0,0.0,0.0,294543.2607440625,826371.1300833749
Akinyele,56851.0,0.0,272884.0,0.0,0.0,160244.0,26265.030000000002,0.0,15097.511192812493,42358.03133987498
Akko,90875.0,0.0,0.0,0.0,0.0,0.0,41984.25,105065.625,228779.79191218744,641865.4173541248
Akoko north East,47181.0,0.0,0.0,189669.0,0.0,0.0,0.0,0.0,286380.6510090624,529487.0
Akoko north West,57505.0,0.0,0.0,231172.0,0.0,0.0,0.0,0.0,323934.28378468746,645347.8
Akoko south East,22171.0,0.0,0.0,89127.0,0.0,0.0,0.0,0.0,177366.0,248809.4
Akoko south West,61727.0,0.0,61727.0,248141.0,0.0,0.0,28517.61,0.0,340343.31966624997,692719.7999999999
Akoko-Edo,70502.0,0.0,239706.0,283418.0,0.0,99361.0,86012.0,123501.5,391620.03529062495,1098730.0988137496
Akpabuyo,72999.0,0.0,175198.0,0.0,0.0,102881.0,0.0,0.0,56179.660881249976,315236.1009349998
Akuku Toro,41962.0,0.0,41962.0,168689.0,0.0,0.0,0.0,0.0,167849.0,470917.19999999995
Akure North,35394.0,0.0,35394.0,142284.0,0.0,0.0,43180.8,62002.0,235955.53434968746,397205.79999999993
Akure South,95006.0,0.0,228014.0,0.0,0.0,133895.0,43892.64,0.0,112551.82673062496,315776.11484574986
Akwanga,30510.0,0.0,0.0,0.0,0.0,0.0,37222.2,53446.5,122040.0,342396.0
Albasu,51147.0,0.0,0.0,205611.0,0.0,0.0,23629.98,0.0,204588.0,573992.3999999999
Aleiro,17745.0,0.0,0.0,0.0,0.0,0.0,21649.1,31085.75,0.0,0.0
Alimosho,343677.0,0.0,0.0,0.0,0.0,0.0,158778.51,397343.275,0.0,0.0
Alkaleri,88604.0,0.0,0.0,356190.0,0.0,0.0,108097.20000000001,155213.5,578109.5390618748,994352.5999999999
Amuwo-Odofin,85580.0,0.0,410782.0,0.0,0.0,241220.0,39537.630000000005,98943.07500000001,0.0,0.0
Anambra East,41243.0,0.0,0.0,165796.0,0.0,0.0,0.0,0.0,164971.0,462842.8
Anambra West,45031.0,0.0,0.0,181026.0,0.0,0.0,20804.52,0.0,180125.0,505358.99999999994
Anaocha,76659.0,0.0,0.0,308171.0,0.0,0.0,0.0,0.0,353539.334298125,991890.1360347499
Andoni,56757.0,0.0,272432.0,456323.0,0.0,159978.0,0.0,0.0,0.0,0.0
Aninri,35969.0,0.0,172650.0,0.0,0.0,101384.0,43881.600000000006,63008.0,143874.0,807306.3999999999
Aniocha North,28165.0,0.0,28165.0,113224.0,0.0,0.0,0.0,0.0,177353.14894406247,316079.0
Aniocha South,37819.0,0.0,37819.0,152034.0,0.0,0.0,0.0,0.0,214334.73976531246,424423.6
Anka,38270.0,0.0,0.0,153846.0,0.0,0.0,46689.4,67039.5,168652.5922609375,429482.0
Ankpa,71912.0,0.0,71912.0,289087.0,0.0,0.0,0.0,0.0,432322.54794843745,807025.3999999999
Apa,26028.0,0.0,26028.0,104632.0,0.0,0.0,31753.9,45594.75,182041.07312843748,292094.8
Apapa,58466.0,0.0,140318.0,0.0,0.0,82398.0,0.0,0.0,0.0,0.0
Ardo-Kola,23380.0,0.0,23380.0,93988.0,0.0,0.0,10801.560000000001,0.0,187040.0,262380.0
Arewa-Dandi,49500.0,0.0,0.0,198990.0,0.0,0.0,0.0,0.0,198000.0,555509.0
Argungu,52581.0,0.0,0.0,211375.0,0.0,0.0,210323.0,184217.5,210323.0,590082.3999999999
Arochukwu,45782.0,0.0,155658.0,184042.0,0.0,64522.0,0.0,0.0,240507.4923565625,674767.9785983749
Asa,34008.0,0.0,34008.0,136713.0,0.0,0.0,15711.630000000001,0.0,213756.322405625,381651.6
Asari-Toru,59202.0,0.0,59202.0,237993.0,0.0,0.0,0.0,0.0,236808.0,664389.3999999999
Askir/Uba,0.0,0.0,0.0,0.0,0.0,0.0,0.0,0.0,148574.0,416840.19999999995
Atakunmosa East,18463.0,0.0,88624.0,0.0,0.0,52043.0,22525.5,32344.25,39001.68315218749,109423.71282612497
Atakunmosa West,20495.0,0.0,98376.0,82391.0,0.0,57769.0,9468.69,0.0,81981.0,230006.8
Atiba,45646.0,0.0,219100.0,0.0,0.0,128661.0,21088.32,0.0,51657.56023093749,144931.16864662495
Atisho,29801.0,0.0,0.0,0.0,0.0,0.0,13767.93,0.0,88887.84445624996,249383.9644774999
Augie,31548.0,0.0,0.0,126822.0,0.0,0.0,126191.0,110528.5,126191.0,354041.8
Auyo,35505.0,0.0,0.0,142732.0,0.0,0.0,43316.3,62196.75,173433.7487665625,398454.79999999993
Awe,30280.0,0.0,72672.0,0.0,0.0,42675.0,36941.6,53043.0,0.0,0.0
Awgu,53294.0,0.0,53294.0,214240.0,0.0,0.0,24621.63,0.0,286354.14549749997,803395.6073929998
Awka North,30289.0,0.0,30289.0,121763.0,0.0,0.0,0.0,0.0,157953.706521875,443155.3782612499
Awka south,50850.0,0.0,50850.0,204417.0,0.0,0.0,23492.7,0.0,238352.01441906247,668720.6403733749
Ayamelum,42609.0,0.0,42609.0,171288.0,0.0,0.0,0.0,0.0,213262.94015624997,598331.2324374999
Babure,55975.0,0.0,0.0,225018.0,0.0,0.0,68288.8,98053.0,223898.0,628168.3999999999
Badagry,64849.0,0.0,155637.0,0.0,0.0,91394.0,0.0,0.0,0.0,0.0
Bade,20766.0,0.0,0.0,83481.0,0.0,0.0,25334.9,36378.25,124099.46497156248,233047.99999999997
Bagudo,63967.0,0.0,63967.0,257149.0,0.0,0.0,78040.0,112054.5,285394.67024875,717866.2
Bagwai,43802.0,0.0,43802.0,176086.0,0.0,0.0,53438.7,76730.75,175209.0,491567.19999999995
Bakasi,8711.0,0.0,20906.0,0.0,0.0,12277.0,0.0,0.0,34843.0,195511.8
Bakori,40177.0,0.0,0.0,0.0,0.0,0.0,49016.2,70381.0,0.0,0.0
Bakura,50273.0,0.0,0.0,202100.0,0.0,0.0,61333.7,88066.75,201094.0,564190.2
Balanga,57171.0,0.0,0.0,229827.0,0.0,0.0,69748.3,100149.75,457366.0,641593.3999999999
Bali,56199.0,0.0,0.0,225919.0,0.0,0.0,25963.74,0.0,449590.0,630685.0
Bama,0.0,0.0,0.0,0.0,0.0,0.0,0.0,0.0,98577.09491419319,276568.86575974093
Barkin Ladi,47143.0,0.0,0.0,0.0,0.0,0.0,21780.0,0.0,0.0,0.0
Baruten,56340.0,0.0,56340.0,226487.0,0.0,0.0,68734.8,98694.0,450720.0,632271.0
Bassa,43958.0,0.0,18827.5,75687.0,0.0,0.0,30659.050000000003,44022.125,251141.5,493313.19999999995
Batangarawa,49647.0,0.0,0.0,199579.0,0.0,0.0,22936.65,0.0,198586.0,557153.7999999999
Batsari,56210.0,0.0,0.0,225967.0,0.0,0.0,25969.350000000002,0.0,224842.0,630817.6
Bauchi,132819.0,0.0,0.0,0.0,0.0,0.0,162038.8,232665.5,111508.41873105457,312848.57244695275
Baure,53103.0,0.0,0.0,213475.0,0.0,0.0,0.0,0.0,212412.0,595943.6
Bayo,0.0,0.0,0.0,0.0,0.0,0.0,0.0,0.0,84974.0,238403.19999999998
Bebeji,50799.0,0.0,0.0,204211.0,0.0,0.0,61974.4,88986.5,282268.623283125,570084.0
Bekwara,28464.0,0.0,0.0,114425.0,0.0,0.0,34725.7,49861.25,197877.23723437497,555165.2642562499
Bende,51674.0,0.0,175691.0,207728.0,0.0,72826.0,0.0,0.0,277266.49792468746,777899.1941891249
Biase,45506.0,0.0,45506.0,182937.0,0.0,0.0,0.0,0.0,263175.6745678125,738365.888789875
Bichi,74533.0,0.0,0.0,299625.0,0.0,0.0,34434.51,0.0,298134.0,836445.2
Bida,50617.0,0.0,121480.0,0.0,0.0,71336.0,61752.100000000006,88667.75,0.0,0.0
Billiri,54372.0,0.0,0.0,218577.0,0.0,0.0,66334.1,95247.25,377971.91464281245,610187.2
Bindawa,40980.0,0.0,0.0,164742.0,0.0,0.0,49996.3,71788.25,163922.0,459899.6
Binji,28250.0,0.0,0.0,113565.0,0.0,0.0,13051.5,0.0,113000.0,317033.0
Birinin Kudu,84290.0,0.0,0.0,338848.0,0.0,0.0,102834.5,147656.75,443029.13586499996,945942.5999999999
Birinwa,38283.0,0.0,0.0,153900.0,0.0,0.0,17687.010000000002,0.0,167246.0270440625,429633.19999999995
Birni-Gwari,67880.0,0.0,67880.0,272878.0,0.0,0.0,82813.6,118909.0,369827.34213968745,761777.0
Birnin Kebbi,72199.0,0.0,0.0,290240.0,0.0,0.0,88082.9,126475.75,288796.0,810246.7999999999
Birnin Magaji,48045.0,0.0,48045.0,193139.0,0.0,0.0,58614.2,84162.5,192178.0,539175.4
Biu,0.0,0.0,0.0,0.0,0.0,0.0,0.0,0.0,173251.82216156245,486076.1020523748
Bodinga,47180.0,0.0,0.0,189665.0,0.0,0.0,21797.16,0.0,188721.0,529475.7999999999
Bogoro,22651.0,0.0,0.0,91059.0,0.0,0.0,27634.6,39680.0,181210.0,254201.99999999997
Boki,50068.0,0.0,0.0,201273.0,0.0,0.0,23131.350000000002,0.0,400542.0,1123761.5999999999
Bokkos,48000.0,0.0,0.0,0.0,0.0,0.0,22176.0,0.0,192000.0,538676.0
Boluwadura,19037.0,0.0,19037.0,76529.0,0.0,0.0,0.0,0.0,76148.0,213641.4
Bomadi,23305.0,0.0,79237.0,93688.0,0.0,32845.0,10766.91,0.0,93221.0,261541.8
Bonny,57927.0,0.0,278048.0,465730.0,0.0,163276.0,0.0,0.0,0.0,0.0
Borgu,46255.0,0.0,0.0,185945.0,0.0,0.0,185019.0,162054.5,370038.0,519090.19999999995
Boripe,37484.0,0.0,89962.0,150687.0,0.0,52828.0,17317.74,0.0,52269.51409749998,146647.63947299993
Bosso,39636.0,0.0,39636.0,159338.0,0.0,0.0,48356.3,69433.75,233138.02599749994,444814.0
Brass,49774.0,0.0,169232.0,200093.0,0.0,70149.0,0.0,0.0,199097.0,558586.6
Buji,26191.0,0.0,0.0,105287.0,0.0,0.0,12100.11,0.0,118282.500284375,293923.39999999997
Bukkuyum,56925.0,0.0,0.0,228837.0,0.0,0.0,69447.8,99717.5,264081.438975625,638830.3999999999
Bunguda,69374.0,0.0,0.0,278884.0,0.0,0.0,84636.4,121527.0,373400.56223937497,778542.7999999999
Bunkure,45966.0,0.0,45966.0,184783.0,0.0,0.0,56078.2,80521.0,183863.0,515846.39999999997
Bunza,32670.0,0.0,0.0,131335.0,0.0,0.0,15093.54,0.0,153601.45391125,366638.8
Bursari,37598.0,0.0,0.0,0.0,0.0,0.0,45870.0,65863.5,92594.00661781248,259782.21852987492
Buruku,54796.0,0.0,131511.0,0.0,0.0,77227.0,66851.7,95989.75,178541.29353343748,500915.6218936249
Burutu,56395.0,0.0,270698.0,0.0,0.0,158961.0,26054.82,0.0,0.0,0.0
Bwari,61116.0,0.0,0.0,245687.0,0.0,0.0,28235.460000000003,70659.65000000001,322337.7284696053,685868.2
Caabar South,51544.0,0.0,123706.0,0.0,0.0,72644.0,0.0,0.0,0.0,0.0
Calabar Municipal,48252.0,0.0,115805.0,0.0,0.0,68004.0,0.0,0.0,0.0,0.0
Chanchaga,54180.0,0.0,54180.0,217804.0,0.0,0.0,66099.6,94910.0,216720.0,608030.0
Charanchi,37015.0,0.0,0.0,148801.0,0.0,0.0,17100.93,0.0,148060.0,415398.0
Chibok,0.0,0.0,0.0,0.0,0.0,0.0,0.0,0.0,71123.0,199543.4
Chikun,99051.0,0.0,237722.0,0.0,0.0,139596.0,120842.1,173512.75,92377.65929124996,259175.44601549988
Dala,112642.0,0.0,0.0,452819.0,0.0,0.0,52040.340000000004,0.0,450566.0,1264108.7999999998
Damaturu,29352.0,0.0,0.0,117996.0,0.0,0.0,35809.5,51418.25,117408.0,329400.39999999997
Damban,40593.0,0.0,0.0,0.0,0.0,0.0,0.0,0.0,0.0,0.0
Dambatta,55939.0,0.0,0.0,224874.0,0.0,0.0,25843.620000000003,0.0,259528.2512096875,627767.9999999999
Damboa,62288.0,0.0,0.0,250398.0,0.0,0.0,0.0,0.0,336029.13889468746,699021.6
Dan Musa,30580.0,0.0,0.0,122933.0,0.0,0.0,37307.8,53569.0,122321.0,343183.8
Dandi,38806.0,0.0,38806.0,156002.0,0.0,0.0,47343.7,67979.25,155225.0,435500.0
Dandume,39201.0,0.0,0.0,157587.0,0.0,0.0,47824.7,68670.25,156802.0,439924.6
Dang Shuni,52329.0,0.0,0.0,210361.0,0.0,0.0,63840.8,91667.0,209314.0,587252.2
Danja,33811.0,0.0,81147.0,0.0,0.0,47652.0,15620.880000000001,0.0,0.0,0.0
Darazo,67671.0,0.0,0.0,272040.0,0.0,0.0,31264.2,0.0,354136.33229344466,759436.7999999999
Dass,24192.0,0.0,0.0,0.0,0.0,0.0,11176.44,0.0,0.0,0.0
Daura,59100.0,0.0,0.0,237582.0,0.0,0.0,0.0,0.0,236400.0,663244.0
Dawakin Tofa,66673.0,0.0,0.0,268025.0,0.0,0.0,30802.86,0.0,344487.73253125,748228.7999999999
Dawakin kudi,60625.0,0.0,0.0,243711.0,0.0,0.0,28008.420000000002,0.0,242498.0,680352.3999999999
Degama,67183.0,0.0,67183.0,270078.0,0.0,0.0,0.0,0.0,268734.0,753960.2
Dekina,70018.0,0.0,168043.0,0.0,0.0,98679.0,0.0,0.0,280072.0,785770.6
Demsa,48484.0,0.0,0.0,194904.0,0.0,0.0,59149.9,84931.25,275087.2067690625,544102.2
Dikwa,0.0,0.0,0.0,0.0,0.0,0.0,0.0,0.0,55465.11171268784,155613.31279552594
Doguwa,40664.0,0.0,0.0,163471.0,0.0,0.0,49610.4,71234.5,238494.24388781248,456350.6
Doma,37551.0,0.0,0.0,0.0,0.0,0.0,45812.600000000006,65781.0,0.0,0.0
Donga,36073.0,0.0,0.0,145013.0,0.0,0.0,16665.66,0.0,288582.0,809646.6
Dukku,55730.0,0.0,0.0,224033.0,0.0,0.0,67989.9,97624.25,407526.73223062494,625419.3999999999
Dunukofia,25925.0,0.0,25925.0,104217.0,0.0,0.0,11977.02,0.0,139213.4005184375,390577.5214516249
Dutse,66207.0,0.0,0.0,266153.0,0.0,0.0,30587.7,0.0,327105.1232890625,743002.4
Dutsi,32284.0,0.0,0.0,129780.0,0.0,0.0,0.0,0.0,129134.0,362299.19999999995
Dutsin-Ma,45638.0,0.0,45638.0,183464.0,0.0,0.0,55678.100000000006,79946.25,182551.0,512165.8
Eastern Obolo,16285.0,0.0,78168.0,130930.0,0.0,45902.0,0.0,0.0,0.0,0.0
Ebonyi,34116.0,0.0,0.0,137148.0,0.0,0.0,41621.9,59763.75,181044.02892593748,382867.0
Edati,43123.0,0.0,43123.0,173354.0,0.0,0.0,52609.8,75541.0,172491.0,483940.8
Ede North,22549.0,0.0,54117.0,90646.0,0.0,31779.0,10417.44,0.0,59159.07263562498,165977.40337974994
Ede South,20452.0,0.0,69536.0,82216.0,0.0,28823.0,9448.560000000001,0.0,140178.2748071875,229515.8
Edu,54191.0,0.0,0.0,0.0,0.0,0.0,66112.7,94928.75,216763.0,608150.3999999999
Efon,23384.0,0.0,23384.0,94005.0,0.0,0.0,10803.54,0.0,140737.80530374998,262427.6
Egbado north,48907.0,0.0,0.0,196608.0,0.0,0.0,59666.8,85673.5,316372.00142937497,548857.2
Egbado south,45417.0,0.0,0.0,182577.0,0.0,0.0,55408.8,79560.0,86456.80694593747,242564.0594486249
Egbeda,75737.0,0.0,363538.0,0.0,0.0,213478.0,34990.560000000005,0.0,22184.873000937492,62242.644402624974
Egbedore,20021.0,0.0,20021.0,80487.0,0.0,0.0,9249.9,0.0,130963.82680499999,224689.8
Egor,91425.0,0.0,219420.0,0.0,0.0,128849.0,0.0,0.0,0.0,0.0
Ehime-Mbano,35218.0,0.0,35218.0,141576.0,0.0,0.0,16270.650000000001,40717.625,203043.92335218747,569660.985386125
Ejigbo,35677.0,0.0,35677.0,143423.0,0.0,0.0,43526.2,62498.0,197345.08893499998,400385.2
Ekeremo,72693.0,0.0,174463.0,0.0,0.0,102449.0,33584.1,0.0,0.0,0.0
Eket,46414.0,0.0,222788.0,0.0,0.0,130827.0,0.0,0.0,0.0,0.0
Ekiti East,37105.0,0.0,37105.0,149165.0,0.0,0.0,17142.84,0.0,253164.12976687495,416413.6
Ekiti South West,44454.0,0.0,44454.0,178707.0,0.0,0.0,54234.2,77873.0,233102.13091468747,498883.6
Ekiti West,48251.0,0.0,115802.0,193969.0,0.0,68002.0,58865.9,84523.75,46204.724551249994,129632.22874349997
Ekitti,14753.0,0.0,14753.0,59310.0,0.0,0.0,6816.150000000001,0.0,118028.0,165570.19999999998
Ekwusiko,42561.0,0.0,42561.0,171095.0,0.0,0.0,0.0,0.0,210886.27368312498,591662.56631275
Eleme,51344.0,0.0,123225.0,0.0,0.0,72361.0,0.0,0.0,0.0,0.0
Emohua,54307.0,0.0,260674.0,0.0,0.0,153074.0,0.0,0.0,0.0,0.0
Emure,25252.0,0.0,25252.0,101512.0,0.0,0.0,11666.16,0.0,173712.83052999998,283382.8
Enugu East,75069.0,0.0,0.0,301777.0,0.0,0.0,34681.68,0.0,344408.97156843747,966274.120391625
Enugu North,65860.0,0.0,65860.0,264757.0,0.0,0.0,30427.32,0.0,263439.0,739105.2
Enugu South,53452.0,0.0,53452.0,214878.0,0.0,0.0,24694.89,0.0,213808.0,599860.3999999999
Epe,48795.0,0.0,117108.0,0.0,0.0,68769.0,22543.29,56415.225000000006,0.0,0.0
Esan Central,28326.0,0.0,67982.0,0.0,0.0,39921.0,34557.6,49620.0,113304.0,317886.19999999995
Esan North East,32101.0,0.0,32101.0,129049.0,0.0,0.0,0.0,0.0,186405.32943545072,360256.80000000005
Esan South East,45113.0,0.0,45113.0,181356.0,0.0,0.0,20842.47,0.0,272358.22737406247,506279.39999999997
Esan West,33849.0,0.0,81237.0,0.0,0.0,47704.0,15638.04,0.0,135395.0,379865.0
Ese Odo,41686.0,0.0,41686.0,167577.0,0.0,0.0,19258.8,0.0,166743.0,467814.39999999997
Esit Eket,17134.0,0.0,58256.0,68880.0,0.0,24148.0,0.0,0.0,68537.0,192287.59999999998
Essien Udim,51823.0,0.0,124376.0,0.0,0.0,73037.0,0.0,0.0,0.0,0.0
Etche,67098.0,0.0,67098.0,269733.0,0.0,0.0,0.0,0.0,268391.0,752997.7999999999
Ethiope East,54009.0,0.0,183630.0,217115.0,0.0,76117.0,24951.960000000003,0.0,318845.78178374993,606105.2
Ethiope West,54762.0,0.0,262856.0,0.0,0.0,154355.0,0.0,0.0,219046.0,614555.7999999999
Eti-Osa,77408.0,0.0,77408.0,311180.0,0.0,0.0,0.0,0.0,309631.0,868700.7999999999
Etim Ekpo,28355.0,0.0,28355.0,113988.0,0.0,0.0,0.0,0.0,113420.0,318212.0
Etinan,45534.0,0.0,109281.0,0.0,0.0,64172.0,0.0,0.0,0.0,0.0
Etsako Central,25439.0,0.0,86492.0,102263.0,0.0,35852.0,31035.0,44562.5,169549.30469187498,285481.19999999995
Etsako East,39270.0,0.0,94248.0,0.0,0.0,55345.0,47909.2,68791.5,157079.0,440701.19999999995
Etsako West,53152.0,0.0,180717.0,213673.0,0.0,74910.0,24556.29,0.0,293704.80849875,596496.2
Etung,21571.0,0.0,51770.0,0.0,0.0,30401.0,0.0,0.0,86283.0,484151.8
Ewekoro,14836.0,0.0,14836.0,59640.0,0.0,0.0,18099.6,25988.5,118686.0,166493.4
Ezeagu,45650.0,0.0,0.0,183516.0,0.0,0.0,0.0,0.0,258810.12501906249,726118.3500533749
Ezinihitte,44541.0,0.0,44541.0,179054.0,0.0,0.0,0.0,0.0,238450.61093499998,668997.7106179998
Ezza North,39168.0,0.0,133172.0,157458.0,0.0,55202.0,47785.600000000006,68614.0,202148.44194281247,439565.19999999995
Ezza south,35829.0,0.0,85990.0,0.0,0.0,50496.0,43711.7,62764.25,143317.0,402090.6
Fagge,53480.0,0.0,0.0,214991.0,0.0,0.0,24707.760000000002,0.0,213921.0,600176.7999999999
Fakai,32603.0,0.0,0.0,131067.0,0.0,0.0,39776.3,57114.25,137506.66011,365890.19999999995
Faskari,52729.0,0.0,52729.0,211972.0,0.0,0.0,64329.7,92369.25,210917.0,591749.6
Fika,23674.0,0.0,0.0,0.0,0.0,0.0,10937.19,0.0,94695.0,265677.0
Fufore,55756.0,0.0,0.0,224139.0,0.0,0.0,68022.0,97670.5,283811.3004621875,625713.3999999999
Funakaye,63502.0,0.0,0.0,255280.0,0.0,0.0,29337.99,73418.975,428615.4213409375,712648.2
Fune,36822.0,0.0,0.0,148023.0,0.0,0.0,17011.5,0.0,193813.03791531248,413225.80000000005
Funtua,60674.0,0.0,0.0,0.0,0.0,0.0,28031.190000000002,0.0,0.0,0.0
Gabasawa,56769.0,0.0,56769.0,228213.0,0.0,0.0,26227.41,0.0,227077.0,637087.6
Gada,66778.0,0.0,0.0,268450.0,0.0,0.0,81469.8,116979.5,267114.0,749415.2
Gagarawa,21624.0,0.0,0.0,86930.0,0.0,0.0,26381.6,37880.5,86497.0,242676.59999999998
Gamawa,77029.0,0.0,0.0,0.0,0.0,0.0,93975.5,134936.25,0.0,0.0
Ganjuwa,75464.0,0.0,0.0,303364.0,0.0,0.0,92065.5,132194.25,429228.2493284565,846882.2
Ganye,44136.0,0.0,0.0,177426.0,0.0,0.0,53845.600000000006,77315.5,263823.6928875,495309.39999999997
Garki,40947.0,0.0,0.0,164608.0,0.0,0.0,49955.600000000006,71729.5,163789.0,459527.19999999995
Garko,43709.0,0.0,0.0,175710.0,0.0,0.0,53324.600000000006,76567.0,174835.0,490517.99999999994
Garum Mallam,31334.0,0.0,0.0,125964.0,0.0,0.0,38227.8,54890.0,237958.58770531247,351645.6
Gashaka,23611.0,0.0,0.0,94918.0,0.0,0.0,10908.480000000001,0.0,188890.0,529950.0
Gassol,65832.0,0.0,0.0,264645.0,0.0,0.0,80315.1,115322.25,263328.0,738793.3999999999
Gaya,54069.0,0.0,0.0,217357.0,0.0,0.0,24979.68,0.0,298286.5316728125,606782.0
Gbako,34286.0,0.0,164572.0,0.0,0.0,96640.0,15840.0,0.0,67401.4642525,189102.09990699997
Gboko,96546.0,0.0,96546.0,388114.0,0.0,0.0,117785.8,169124.0,670996.7494918748,1083475.4
Geidan,80898.0,0.0,0.0,0.0,0.0,0.0,98695.3,141713.25,0.0,0.0
Gezawa,75870.0,0.0,75870.0,304999.0,0.0,0.0,35051.94,0.0,303481.0,851446.7999999999
Giade,42220.0,0.0,0.0,169723.0,0.0,0.0,0.0,0.0,337756.0,473804.39999999997
Girei,34966.0,0.0,0.0,140563.0,0.0,0.0,16154.16,0.0,279726.0,392400.39999999997
Giwa,77042.0,0.0,77042.0,309710.0,0.0,0.0,93991.5,134958.75,342044.576088125,864599.2
Gokana,61550.0,0.0,295440.0,0.0,0.0,173489.0,0.0,0.0,0.0,0.0
Gombe,72086.0,0.0,0.0,289786.0,0.0,0.0,33303.6,83343.0,288344.0,808978.2
Gombi,39386.0,0.0,0.0,158333.0,0.0,0.0,48051.3,68995.25,228985.536381875,442009.0
Goronyo,49034.0,0.0,49034.0,197115.0,0.0,0.0,59820.9,85894.75,392268.0,550274.2
Gubio,0.0,0.0,0.0,0.0,0.0,0.0,0.0,0.0,0.0,0.0
Gudu,25699.0,0.0,0.0,103311.0,0.0,0.0,11873.07,0.0,102797.0,288407.6
Gujba,42309.0,0.0,0.0,170082.0,0.0,0.0,19546.56,0.0,210409.86997124998,474806.0
Gulani,34991.0,0.0,0.0,140663.0,0.0,0.0,16165.710000000001,0.0,185199.0183584375,392680.4
Guma,51536.0,0.0,51536.0,207174.0,0.0,0.0,62873.600000000006,90278.5,328983.2459215624,578355.3999999999
Gumel,28824.0,0.0,0.0,115872.0,0.0,0.0,0.0,0.0,115295.0,323472.0
Gummi,55016.0,0.0,0.0,221167.0,0.0,0.0,67120.1,96375.75,220066.0,617417.7999999999
Gurara,24470.0,0.0,58728.0,0.0,0.0,34487.0,29853.4,42865.5,97880.0,274613.0
Guri,30937.0,0.0,0.0,124368.0,0.0,0.0,14292.960000000001,0.0,166780.04172812498,347190.19999999995
Gusau,103062.0,0.0,0.0,414310.0,0.0,0.0,125735.70000000001,180539.75,412248.0,1156603.4
Guyuk,47820.0,0.0,0.0,192238.0,0.0,0.0,58340.600000000006,83769.0,285597.8377775,536658.7999999999
Guzamala,0.0,0.0,0.0,0.0,0.0,0.0,0.0,0.0,0.0,0.0
Gwadabawa,62230.0,0.0,62230.0,250165.0,0.0,0.0,75920.6,109011.5,248920.0,698370.0
Gwagwalada,42437.0,0.0,42437.0,170595.0,0.0,0.0,169746.0,148676.5,236168.43322570928,476239.79999999993
Gwale,97386.0,0.0,0.0,391491.0,0.0,0.0,44992.200000000004,0.0,389543.0,1092902.4
Gwandu,40621.0,0.0,0.0,163296.0,0.0,0.0,49557.3,71158.25,162483.0,455862.39999999997
Gwaram,73318.0,0.0,0.0,294741.0,0.0,0.0,89448.6,128436.5,355551.1232890625,822810.2
Gwarzo,49488.0,0.0,0.0,198944.0,0.0,0.0,60376.0,86692.0,257754.16716249997,555380.2
Gwer East,44017.0,0.0,44017.0,176950.0,0.0,0.0,53701.0,77108.0,254046.75784531247,493979.19999999995
Gwer West,32854.0,0.0,78850.0,0.0,0.0,46303.0,40082.2,57553.0,88222.02452062497,247516.6686577499
Gwiwa,33492.0,0.0,0.0,134639.0,0.0,0.0,15473.37,0.0,133969.0,375864.19999999995
Gwoza,0.0,0.0,0.0,0.0,0.0,0.0,0.0,0.0,150920.33050014664,423422.92540041055
Hadejia,28412.0,0.0,0.0,114215.0,0.0,0.0,13126.08,0.0,125346.416640625,318845.8
Hawul,32362.0,0.0,0.0,130096.0,0.0,0.0,0.0,0.0,205699.39448437496,363179.39999999997
Hong,45491.0,0.0,0.0,0.0,0.0,0.0,55499.4,79690.0,103198.55782062496,289533.96189774986
Ibadan North,82521.0,0.0,82521.0,331735.0,0.0,0.0,38124.57,0.0,330084.0,926084.2
Ibadan North East,88870.0,0.0,88870.0,357258.0,0.0,0.0,0.0,0.0,355480.0,997334.9999999999
Ibadan North West,41109.0,0.0,98662.0,0.0,0.0,57937.0,0.0,0.0,0.0,0.0
Ibadan South East,71560.0,0.0,171745.0,0.0,0.0,100853.0,33061.05,0.0,0.0,0.0
Ibadan South West,76009.0,0.0,76009.0,305558.0,0.0,0.0,35116.29,0.0,304037.0,853006.6
Ibaji,34464.0,0.0,82713.0,0.0,0.0,48571.0,42045.7,60372.25,137855.0,386766.0
Ibarapa Central,27699.0,0.0,66478.0,0.0,0.0,39038.0,12797.07,0.0,50327.68646031248,141199.52208887492
Ibarapa East,31800.0,0.0,31800.0,127836.0,0.0,0.0,14691.6,0.0,153763.919500625,356872.99999999994
Ibarapa North,27192.0,0.0,27192.0,109310.0,0.0,0.0,12562.44,0.0,169171.0566265625,305154.8
Ibeju/Lekki,31600.0,0.0,151680.0,0.0,0.0,89070.0,0.0,0.0,0.0,0.0
Ibeno,20276.0,0.0,68938.0,81508.0,0.0,28576.0,0.0,0.0,81102.0,227540.59999999998
Ibesikpo Asutan,36877.0,0.0,177010.0,0.0,0.0,103945.0,0.0,0.0,0.0,0.0
Ibi,22609.0,0.0,22609.0,90888.0,0.0,0.0,10445.16,0.0,180870.0,253724.99999999997
Ibiono Ibom,51009.0,0.0,244844.0,0.0,0.0,143779.0,0.0,0.0,101826.29763499998,285684.63337799994
Idah,21468.0,0.0,51524.0,0.0,0.0,30257.0,9918.48,0.0,85874.0,240928.19999999998
Idanre,34705.0,0.0,0.0,139513.0,0.0,0.0,16033.380000000001,0.0,223717.10619468748,389468.39999999997
Ideato North,42608.0,0.0,42608.0,171284.0,0.0,0.0,0.0,0.0,224003.89635874997,628465.9098044998
Ideato South,43004.0,0.0,43004.0,172876.0,0.0,0.0,0.0,0.0,215516.7075446875,604653.781125125
Idimili North,115871.0,0.0,0.0,465802.0,0.0,0.0,53532.270000000004,0.0,522470.8778246875,1465844.4579091247
Idimili South,55862.0,0.0,0.0,224566.0,0.0,0.0,0.0,0.0,263746.0010109375,739965.802830625
Ido,27775.0,0.0,66660.0,0.0,0.0,39145.0,0.0,0.0,41698.51880656248,116989.85265837495
Ido-Osi,42796.0,0.0,42796.0,172042.0,0.0,0.0,19771.95,0.0,242187.66037656247,480279.79999999993
Ifako-Ijaye,115090.0,0.0,0.0,0.0,0.0,0.0,53171.58,133061.95,0.0,0.0
Ife Central,44988.0,0.0,107971.0,0.0,0.0,63403.0,20784.39,0.0,29738.48537406249,83434.75904737496
Ife East,50591.0,0.0,172010.0,203377.0,0.0,71301.0,23373.24,0.0,288652.26128593745,567756.0
Ife North,41340.0,0.0,140556.0,166188.0,0.0,58262.0,50435.0,72418.0,229359.18834812497,463937.8
Ife South,36403.0,0.0,123770.0,146341.0,0.0,51304.0,16818.12,0.0,215059.4918265625,408529.6
Ifedayo,9968.0,0.0,9968.0,40071.0,0.0,0.0,0.0,0.0,67282.647800625,111862.79999999999
Ifedore,47428.0,0.0,113827.0,190661.0,0.0,66842.0,21911.670000000002,0.0,94586.16812281247,265371.2707438749
Ifelodun,40722.0,0.0,79516.5,52306.5,0.0,39053.5,18813.465000000004,0.0,183729.69500078124,456997.49999999994
Ifo,141169.0,0.0,0.0,0.0,0.0,0.0,65220.21000000001,0.0,124521.57371656243,349358.40640637476
Igalamela-Odulu,39814.0,0.0,95554.0,0.0,0.0,56112.0,0.0,0.0,159257.0,446811.6
Igba,115722.0,0.0,115722.0,465203.0,0.0,0.0,53463.630000000005,0.0,532272.795254375,1298679.4
Igbo Ekiti,56283.0,0.0,56283.0,226258.0,0.0,0.0,26002.68,0.0,285034.60099875,799693.8827964999
Igbo-Eze North,69781.0,0.0,167475.0,0.0,0.0,98346.0,32239.02,0.0,279125.0,1566227.0
Igbo-Eze South,39628.0,0.0,39628.0,159305.0,0.0,0.0,18308.07,0.0,217154.48820281247,609249.5669678749
Igueben,18731.0,0.0,44955.0,0.0,0.0,26399.0,0.0,0.0,74925.0,210210.0
Ihiala,81274.0,0.0,81274.0,326721.0,0.0,0.0,0.0,0.0,368689.4278275,1034395.3979169999
Ihite/Uboma,32477.0,0.0,32477.0,130559.0,0.0,0.0,15004.44,37549.1,163571.7609628125,458917.9306958749
Ijebu East,29640.0,0.0,100776.0,119154.0,0.0,41773.0,36161.0,51922.0,174984.38276749998,332634.8
Ijebu North East,18192.0,0.0,43661.0,0.0,0.0,25639.0,8404.77,0.0,0.0,0.0
Ijebu Ode,41431.0,0.0,41431.0,166554.0,0.0,0.0,19141.32,0.0,244594.6386609375,464959.0
Ijebu north,76480.0,0.0,367104.0,0.0,0.0,215572.0,35333.76,0.0,145589.38807218746,408466.28660212486
Ijero,59551.0,0.0,59551.0,239395.0,0.0,0.0,27512.43,0.0,332545.44623656245,668302.3999999999
Ijumu,32258.0,0.0,32258.0,129679.0,0.0,0.0,0.0,0.0,180585.47724374998,362015.4
Ika,19619.0,0.0,47086.0,0.0,0.0,27651.0,0.0,0.0,78476.0,220172.8
Ika North East,49400.0,0.0,167960.0,198587.0,0.0,69622.0,0.0,0.0,264023.810606875,554384.2
Ika South,43734.0,0.0,43734.0,175812.0,0.0,0.0,0.0,0.0,239100.31875656248,490803.6
Ikara,52162.0,0.0,52162.0,209691.0,0.0,0.0,63637.2,91374.5,246977.56491468748,585380.6
Ikeduru,40163.0,0.0,40163.0,161455.0,0.0,0.0,0.0,0.0,214116.16422062498,600725.2598177498
Ikeja,84243.0,0.0,0.0,0.0,0.0,0.0,38920.200000000004,97398.50000000001,0.0,0.0
Ikenne,31937.0,0.0,76649.0,0.0,0.0,45011.0,38963.2,55946.0,0.0,0.0
Ikere,39634.0,0.0,39634.0,159328.0,0.0,0.0,18310.71,0.0,196142.34670875,444786.0
Ikole,45304.0,0.0,45304.0,182122.0,0.0,0.0,20930.25,0.0,292541.152896875,508417.0
Ikom,43677.0,0.0,0.0,175583.0,0.0,0.0,0.0,0.0,274264.9752815625,769477.9307883749
Ikono,35479.0,0.0,85150.0,0.0,0.0,50003.0,0.0,0.0,141917.0,398162.6
Ikorodu,144070.0,0.0,0.0,579160.0,0.0,0.0,0.0,0.0,576278.0,1616806.4
Ikot Abasi,35511.0,0.0,120738.0,142756.0,0.0,50048.0,0.0,0.0,142045.0,398522.0
Ikot Ekpene,38485.0,0.0,38485.0,154708.0,0.0,0.0,0.0,0.0,153938.0,431889.39999999997
Ikpoba-Okha,99819.0,0.0,239566.0,0.0,0.0,140679.0,0.0,0.0,399277.0,1120211.5999999999
Ikwere,51032.0,0.0,51032.0,205149.0,0.0,0.0,0.0,0.0,204128.0,572702.3999999999
Ikwo,57724.0,0.0,57724.0,232050.0,0.0,0.0,26668.29,0.0,330314.98553343746,647800.0
Ikwuano,37117.0,0.0,37117.0,149211.0,0.0,0.0,17148.120000000003,0.0,188513.4486215625,528893.656140375
Ila,16690.0,0.0,16690.0,67093.0,0.0,0.0,7710.780000000001,0.0,133518.0,187299.19999999998
Ilaje,78169.0,0.0,265775.0,314240.0,0.0,110167.0,0.0,0.0,312676.0,877243.7999999999
Ile-Oluji-Okegbo,46498.0,0.0,46498.0,186922.0,0.0,0.0,21482.010000000002,0.0,265870.0821178125,521819.6
Ilesha East ,28669.0,0.0,28669.0,115251.0,0.0,0.0,13245.210000000001,0.0,169595.66503499998,321738.6
Ilesha West,27854.0,0.0,66850.0,0.0,0.0,39256.0,12868.68,0.0,54917.78198468749,154077.78955712495
Ileyemeje,11708.0,0.0,11708.0,47067.0,0.0,0.0,5409.030000000001,0.0,93664.0,131392.6
Illela,40478.0,0.0,0.0,162722.0,0.0,0.0,49383.100000000006,70907.25,161912.0,454260.6
Ilorin East,54955.0,0.0,131892.0,0.0,0.0,77450.0,25389.210000000003,0.0,219820.0,616727.0
Ilorin South,56133.0,0.0,56133.0,225656.0,0.0,0.0,25933.710000000003,0.0,275203.3099815625,629950.3999999999
Ilorin West,98087.0,0.0,470818.0,0.0,0.0,276475.0,119666.20000000001,171824.5,392348.0,1100772.4
Imeko Afon,22115.0,0.0,0.0,88901.0,0.0,0.0,26979.6,38739.0,88458.0,248178.4
Ingawa,45660.0,0.0,45660.0,183553.0,0.0,0.0,21094.920000000002,0.0,182639.0,512412.19999999995
Ini,26682.0,0.0,128072.0,0.0,0.0,75207.0,0.0,0.0,106726.0,299430.8
Ipokia,40461.0,0.0,40461.0,162655.0,0.0,0.0,18693.18,0.0,238867.29740718746,454073.0
Irele,39046.0,0.0,132757.0,156967.0,0.0,55030.0,18039.45,0.0,251487.43887593749,438195.79999999993
Irepo,32964.0,0.0,158228.0,0.0,0.0,92916.0,15229.5,0.0,57444.18892874997,161165.7290004999
Irepodun,36057.5,0.0,36057.5,144951.0,0.0,0.0,31808.235,35011.25,247267.78418890623,404650.6
Irepodun/Ifelodun,34737.0,0.0,34737.0,139643.0,0.0,0.0,0.0,0.0,220909.19780499995,389833.39999999997
Irewole,38625.0,0.0,131325.0,155273.0,0.0,54436.0,17844.75,0.0,207599.58139125,433465.99999999994
Isa,39298.0,0.0,0.0,0.0,0.0,0.0,18155.940000000002,0.0,0.0,0.0
Ise/Orun,30596.0,0.0,30596.0,122997.0,0.0,0.0,37327.5,53597.75,192307.57289468747,343364.0
Iseyin,69107.0,0.0,331714.0,0.0,0.0,194790.0,31927.5,0.0,40900.24132406249,114750.67570737496
Ishielu,40629.0,0.0,195018.0,163327.0,0.0,114519.0,49566.8,71172.0,58261.01046781246,163457.82930987488
Isi-Uzo,39920.0,0.0,39920.0,160480.0,0.0,0.0,18443.04,0.0,225258.9653571875,631987.1030001249
Isiala-Mbano,53456.0,0.0,53456.0,214892.0,0.0,0.0,0.0,0.0,274771.01561906247,770897.843733375
Isiala-Ngwa North,41351.0,0.0,41351.0,166232.0,0.0,0.0,0.0,0.0,228376.9669353125,640734.5074188749
Isiala-Ngwa South,36248.0,0.0,36248.0,145717.0,0.0,0.0,0.0,0.0,200194.12418531248,561665.5477188749
Isin,16068.0,0.0,16068.0,64594.0,0.0,0.0,7423.35,0.0,128544.0,180321.59999999998
Isiukwuato,30782.0,0.0,30782.0,123745.0,0.0,0.0,0.0,0.0,180234.09760875,505665.4733044999
Isokan,27752.0,0.0,94357.0,111565.0,0.0,39113.0,12821.49,0.0,179901.93623031248,311447.2
Isoko North,38774.0,0.0,131832.0,155874.0,0.0,54646.0,17913.72,0.0,228909.52647093748,435143.39999999997
Isoko South,61249.0,0.0,61249.0,246223.0,0.0,0.0,74724.3,107294.25,244998.0,687366.3999999999
Isu,44238.0,0.0,44238.0,177838.0,0.0,0.0,0.0,0.0,244323.55749156247,685474.9609763749
Itas/Gadua,61861.0,0.0,0.0,248684.0,0.0,0.0,75471.0,108366.5,247446.0,694234.7999999999
Itesiwaju,34605.0,0.0,83051.0,0.0,0.0,48769.0,15987.18,0.0,93375.50614437496,261974.41720424985
Itu,34169.0,0.0,164012.0,0.0,0.0,96312.0,0.0,0.0,0.0,0.0
Ivo,32525.0,0.0,78059.0,0.0,0.0,45838.0,39679.8,56974.5,130098.0,365003.39999999997
Iwajowa,27699.0,0.0,66478.0,0.0,0.0,39038.0,33793.1,48522.75,42061.45248499998,118008.06695799994
Iwo,51476.0,0.0,175019.0,206935.0,0.0,72548.0,23782.11,0.0,275565.306951875,577687.9999999999
Izzi,62960.0,0.0,0.0,253100.0,0.0,0.0,29087.52,0.0,98437.15053562498,276176.0214997499
Jada,45315.0,0.0,45315.0,182169.0,0.0,0.0,20935.86,0.0,356527.17687406245,508549.5999999999
Jahun,61621.0,0.0,0.0,247718.0,0.0,0.0,75178.0,107945.5,263037.7781078125,691538.9999999999
Jakusko,27842.0,0.0,0.0,0.0,0.0,0.0,33967.3,48772.75,70541.59116374998,197912.45525849995
Jalingo,37615.0,0.0,37615.0,151214.0,0.0,0.0,17378.13,0.0,150461.0,422133.8
Jama'are,31707.0,0.0,0.0,0.0,0.0,0.0,14648.37,0.0,0.0,0.0
Jeba,41793.0,0.0,0.0,168008.0,0.0,0.0,19308.3,0.0,291208.77909499995,469018.6
Jega,52007.0,0.0,0.0,209070.0,0.0,0.0,63448.8,91104.5,208029.0,583646.2
Jema'a,74974.0,0.0,0.0,301394.0,0.0,0.0,91467.70000000001,131335.75,555203.272450625,841383.2
Jere,0.0,0.0,0.0,0.0,0.0,0.0,69307.3,99516.25,0.0,0.0
Jibia,45658.0,0.0,0.0,183548.0,0.0,0.0,21094.260000000002,0.0,182634.0,512398.19999999995
Jos East,23025.0,0.0,0.0,0.0,0.0,0.0,10637.550000000001,0.0,92100.0,258395.99999999997
Jos North,115472.0,0.0,0.0,0.0,0.0,0.0,53348.130000000005,0.0,0.0,0.0
Jos South,82500.0,0.0,0.0,0.0,0.0,0.0,100649.8,144520.0,0.0,0.0
Kabba/Bunu,39122.0,0.0,0.0,157270.0,0.0,0.0,0.0,0.0,235166.78284374997,439040.6
Kabo,41376.0,0.0,41376.0,166333.0,0.0,0.0,50479.100000000006,72481.75,198333.2784175,464340.99999999994
Kacha,65704.0,0.0,0.0,264132.0,0.0,0.0,80159.20000000001,115097.5,498714.1774309374,737359.5999999999
Kaduna North,96212.0,0.0,0.0,386772.0,0.0,0.0,44449.68,0.0,384847.0,1079727.5999999999
Kaduna South,108234.0,0.0,108234.0,435101.0,0.0,0.0,50004.240000000005,0.0,432936.0,1214645.7999999998
Kafin Hausa,72909.0,0.0,0.0,293093.0,0.0,0.0,33683.76,0.0,325968.762250625,818209.1999999998
Kafur,54571.0,0.0,0.0,0.0,0.0,0.0,66577.0,95596.0,0.0,0.0
Kaga,0.0,0.0,0.0,0.0,0.0,0.0,0.0,0.0,0.0,0.0
Kagarko,64808.0,0.0,0.0,260531.0,0.0,0.0,29941.56,0.0,518468.0,727307.2
Kaima,33397.0,0.0,33397.0,134257.0,0.0,0.0,40744.600000000006,58504.0,267178.0,374798.19999999995
Kaita,49600.0,0.0,0.0,199391.0,0.0,0.0,60511.8,86887.0,198399.0,556629.2
Kajeru,29821.0,0.0,71570.0,0.0,0.0,42028.0,13777.17,0.0,68303.94167187499,191634.03668124994
Kajola,54064.0,0.0,54064.0,217337.0,0.0,0.0,0.0,0.0,248511.061815,606726.0
Kala Balge,0.0,0.0,0.0,0.0,0.0,0.0,0.0,0.0,65412.0,183520.59999999998
Kalgo,22972.0,0.0,0.0,92346.0,0.0,0.0,10612.800000000001,0.0,91886.0,257795.8
Kaltungo,40294.0,0.0,0.0,161983.0,0.0,0.0,18615.96,46586.899999999994,322354.0,452198.6
Kanem,44623.0,0.0,0.0,0.0,0.0,0.0,54439.8,78169.0,0.0,0.0
Kankara,66098.0,0.0,0.0,265716.0,0.0,0.0,80640.20000000001,115788.5,264394.0,741784.2
Kanke,32660.0,0.0,0.0,0.0,0.0,0.0,15088.92,0.0,130641.0,366526.8
Kankia,40732.0,0.0,0.0,163744.0,0.0,0.0,49693.3,71353.25,162929.0,457114.19999999995
Kano Municipal,98318.0,0.0,0.0,395239.0,0.0,0.0,45422.85,0.0,393272.0,1103364.5999999999
Karasuwa,61618.0,0.0,0.0,247706.0,0.0,0.0,75174.4,107940.5,271597.54749125,691505.3999999999
Karaye,38035.0,0.0,38035.0,152902.0,0.0,0.0,46402.9,66628.25,198758.99209749998,426846.79999999993
Karim-Lamido,52678.0,0.0,0.0,211765.0,0.0,0.0,24337.170000000002,0.0,421422.0,591170.7999999999
Karu,55269.0,0.0,0.0,0.0,0.0,0.0,67427.8,96817.0,221075.0,620249.0
Katagun,79606.0,0.0,0.0,0.0,0.0,0.0,0.0,0.0,0.0,0.0
Katcha,32863.0,0.0,78871.0,0.0,0.0,46315.0,40092.600000000006,57568.0,67102.11019656248,188261.90855037494
Katsina,85658.0,0.0,0.0,344348.0,0.0,0.0,104503.4,150052.5,342634.0,961294.2
Katsina-Ala,60444.0,0.0,0.0,242986.0,0.0,0.0,73742.0,105883.5,475599.00919656234,678329.6
Kaugama,34417.0,0.0,0.0,138358.0,0.0,0.0,41989.0,60291.0,176491.42393875,386244.19999999995
Kaura,45728.0,0.0,0.0,0.0,0.0,0.0,55788.8,80106.0,102284.60074718745,286969.88209212484
Kauran Namoda,75681.0,0.0,0.0,304240.0,0.0,0.0,92331.4,132575.5,302726.0,849328.7999999999
Kauru,59869.0,0.0,59869.0,240673.0,0.0,0.0,73039.8,104875.0,478950.0,671872.0
Kazaure,43438.0,0.0,0.0,174623.0,0.0,0.0,52995.0,76094.5,192732.51731624999,487485.2
Keana,21317.0,0.0,0.0,0.0,0.0,0.0,26007.0,37343.0,0.0,0.0
Kebbe,33530.0,0.0,33530.0,134792.0,0.0,0.0,134121.0,117473.0,134121.0,376290.8
Keffi,24925.0,0.0,0.0,0.0,0.0,0.0,30407.800000000003,43661.5,0.0,0.0
Khana,79138.0,0.0,269069.0,318134.0,0.0,111532.0,0.0,0.0,316551.0,888115.7999999999
Kibiya,36779.0,0.0,0.0,147852.0,0.0,0.0,44870.5,64428.75,147116.0,412748.8
Kirfi,39704.0,0.0,0.0,0.0,0.0,0.0,18343.38,0.0,105819.45114812495,296887.4632147498
Kiri Kasama,51515.0,0.0,0.0,207093.0,0.0,0.0,62849.0,90243.5,248028.08305125,578127.5999999999
Kiru,71220.0,0.0,71220.0,286306.0,0.0,0.0,86888.6,124760.0,325601.0990603125,799262.7999999999
Kiyawa,46510.0,0.0,0.0,186970.0,0.0,0.0,21487.620000000003,0.0,186039.0,521951.19999999995
Kogi,31175.0,0.0,74819.0,0.0,0.0,43935.0,38032.8,54610.0,124698.0,349853.39999999997
Koko/Besse,41585.0,0.0,0.0,167173.0,0.0,0.0,50733.9,72846.75,166341.0,466686.8
Kokona,29520.0,0.0,70848.0,0.0,0.0,41604.0,36014.4,51712.0,118080.0,331286.0
Kolokuma/Opokuma,20790.0,0.0,0.0,83576.0,0.0,0.0,0.0,0.0,83160.0,233313.99999999997
Konduga,0.0,0.0,0.0,0.0,0.0,0.0,51376.9,73770.25,0.0,0.0
Konshisha,60701.0,0.0,60701.0,244018.0,0.0,0.0,28043.73,0.0,429275.85144031246,681208.3999999999
Kontogora,40870.0,0.0,40870.0,164296.0,0.0,0.0,49860.7,71593.25,288959.44940625,458654.4
Kosofe,178976.0,0.0,178976.0,719483.0,0.0,0.0,0.0,0.0,715903.0,2008538.4
Kubau,75864.0,0.0,75864.0,304973.0,0.0,0.0,35048.97,0.0,373819.98110125,851374.0
Kudan,37386.0,0.0,89726.0,0.0,0.0,52689.0,45610.600000000006,65491.0,0.0,0.0
Kuje,26190.0,0.0,0.0,105282.0,0.0,0.0,31951.1,45877.25,188603.88980207604,293909.39999999997
Kukawa,0.0,0.0,0.0,0.0,0.0,0.0,0.0,0.0,0.0,0.0
Kumbosto,79612.0,0.0,0.0,320040.0,0.0,0.0,36780.48,0.0,318447.0,893435.6
Kunchi,29861.0,0.0,29861.0,120044.0,0.0,0.0,36431.0,52310.5,119446.0,335117.8
Kura,38894.0,0.0,38894.0,156356.0,0.0,0.0,47451.2,68134.0,242080.72556218746,436490.39999999997
Kurfi,31627.0,0.0,0.0,127139.0,0.0,0.0,14611.41,0.0,126506.0,354925.8
Kurmi,24620.0,0.0,24620.0,98972.0,0.0,0.0,30036.2,43129.0,196958.0,552585.3999999999
Kusada,26701.0,0.0,0.0,107338.0,0.0,0.0,32574.9,46773.25,106803.0,299647.39999999997
Kwali,23088.0,0.0,0.0,0.0,0.0,0.0,28167.800000000003,40446.0,67707.52197384665,189961.06152677062
Kwami,52531.0,0.0,0.0,211174.0,0.0,0.0,24269.190000000002,60733.975000000006,377385.0918918749,589521.3999999999
Kwande,66894.0,0.0,66894.0,268914.0,0.0,0.0,81610.8,117183.0,535152.0,750711.7999999999
Kware,36016.0,0.0,0.0,144784.0,0.0,0.0,16639.260000000002,0.0,144063.0,404183.39999999997
Kwaya Kusar,0.0,0.0,0.0,0.0,0.0,0.0,0.0,0.0,60789.0,170550.19999999998
Lafia,88954.0,0.0,0.0,0.0,0.0,0.0,108524.20000000001,155826.0,355817.0,998280.6
Lagelu,39797.0,0.0,191026.0,0.0,0.0,112175.0,18386.280000000002,0.0,28155.17616374999,78992.49325849998
Lagos Island,56334.0,0.0,135201.0,0.0,0.0,79393.0,0.0,0.0,0.0,0.0
Lagos Mainland,85460.0,0.0,205103.0,0.0,0.0,120441.0,39482.19,98804.475,0.0,0.0
Lamurde,30341.0,0.0,0.0,121973.0,0.0,0.0,37016.6,53151.5,197084.91514593747,340504.8
Langtan North,37830.0,0.0,0.0,0.0,0.0,0.0,46152.600000000006,66269.5,0.0,0.0
Langtan South,28594.0,0.0,0.0,0.0,0.0,0.0,13210.230000000001,0.0,0.0,0.0
Lapai,29622.0,0.0,100714.0,119079.0,0.0,41747.0,13685.1,0.0,236972.0,332424.8
Lau,25981.0,0.0,0.0,104442.0,0.0,0.0,12003.09,0.0,207844.0,291563.6
Lavun,56463.0,0.0,56463.0,226982.0,0.0,0.0,68884.8,98909.0,275449.403851875,633650.6
Lere,89075.0,0.0,89075.0,358082.0,0.0,0.0,41152.65,0.0,532585.9830353125,999636.0
Logo,45474.0,0.0,0.0,182807.0,0.0,0.0,55478.600000000006,79660.0,306127.16711343743,510330.6
Lokoja,52521.0,0.0,52521.0,211134.0,0.0,0.0,64075.3,92003.25,244709.16885375,589409.3999999999
Machina,28778.0,0.0,0.0,115690.0,0.0,0.0,13295.7,0.0,115114.0,322964.19999999995
Madagali,36265.0,0.0,0.0,0.0,0.0,0.0,16754.760000000002,0.0,71661.29895999996,201053.63708799987
Madobi,36749.0,0.0,36749.0,147729.0,0.0,0.0,44833.2,64375.0,187521.59409218747,412407.2
Mafa,0.0,0.0,0.0,0.0,0.0,0.0,0.0,0.0,0.0,0.0
Magama,48861.0,0.0,48861.0,196421.0,0.0,0.0,59610.100000000006,85592.25,306196.936294375,548335.4
Magumeri,37719.0,0.0,0.0,151631.0,0.0,0.0,0.0,0.0,150876.0,423297.8
Mai'adua,54112.0,0.0,0.0,217532.0,0.0,0.0,24999.81,0.0,216449.0,607270.2
Maiduguri,140270.0,0.0,0.0,563885.0,0.0,0.0,561079.0,491436.0,561079.0,1574164.2
Maigatari,48339.0,0.0,0.0,194324.0,0.0,0.0,58973.9,84678.75,193357.0,542482.6
Maiha,29914.0,0.0,0.0,120256.0,0.0,0.0,36495.4,52403.0,208501.5749909375,335710.6
Maiyama,47256.0,0.0,0.0,189969.0,0.0,0.0,57652.0,82780.5,189023.0,530323.4
Makarfi,39340.0,0.0,0.0,158149.0,0.0,0.0,47995.5,68915.25,157362.0,441495.6
Makoda,59820.0,0.0,0.0,240479.0,0.0,0.0,27637.170000000002,0.0,253104.3865415625,671329.5999999999
Makurdi,79993.0,0.0,79993.0,321574.0,0.0,0.0,97592.1,140128.75,351911.2806521875,897719.2
Mallam Madori,43417.0,0.0,0.0,174535.0,0.0,0.0,20058.39,0.0,173666.0,487237.8
Malumfashi,49201.0,0.0,0.0,197791.0,0.0,0.0,60025.8,86189.5,196806.0,552159.7999999999
Mangu,79330.0,0.0,0.0,0.0,0.0,0.0,36650.46,0.0,0.0,0.0
Mani,47600.0,0.0,0.0,191352.0,0.0,0.0,58072.0,83384.0,190400.0,534187.0
Maradun,56714.0,0.0,0.0,227993.0,0.0,0.0,69191.6,99350.0,226858.0,636473.3999999999
Mariga,53642.0,0.0,53642.0,215642.0,0.0,0.0,65443.5,93967.75,315435.42194531247,601995.2
Marte,0.0,0.0,0.0,0.0,0.0,0.0,0.0,0.0,0.0,0.0
Maru,78515.0,0.0,0.0,315629.0,0.0,0.0,95787.6,137538.0,341200.31745531247,881121.4
Mashegu,57836.0,0.0,57836.0,232502.0,0.0,0.0,70560.3,101315.75,363308.92175031244,649062.0
Mashi,46569.0,0.0,0.0,187209.0,0.0,0.0,21515.010000000002,0.0,186277.0,522619.6
Matazu,31020.0,0.0,0.0,124701.0,0.0,0.0,37844.4,54340.0,124080.0,348119.0
Mayo-belwa,41188.0,0.0,0.0,165578.0,0.0,0.0,50250.0,72153.0,252587.48238312494,462234.19999999995
Mbaitoli,63897.0,0.0,63897.0,256866.0,0.0,0.0,0.0,0.0,332443.40089812496,932703.52251475
Mbo,27977.0,0.0,134290.0,0.0,0.0,78859.0,0.0,0.0,0.0,0.0
Michika,41773.0,0.0,0.0,167927.0,0.0,0.0,19299.06,0.0,285794.1552075,468790.8
Miga,34543.0,0.0,0.0,138863.0,0.0,0.0,42142.4,60511.0,138172.0,387655.6
Mikang,26201.0,0.0,0.0,0.0,0.0,0.0,31965.800000000003,45898.5,0.0,0.0
Minjibir,57506.0,0.0,0.0,231174.0,0.0,0.0,70157.0,100736.0,230023.0,645353.3999999999
Misau,70869.0,0.0,0.0,284895.0,0.0,0.0,0.0,0.0,432877.5569143523,795323.6
Mkpat Enin,47888.0,0.0,229862.0,0.0,0.0,134980.0,0.0,0.0,0.0,0.0
Moba,39403.0,0.0,94567.0,158400.0,0.0,55532.0,18204.120000000003,0.0,93056.72498156245,261080.82994837486
Mobbar,31377.0,0.0,0.0,126137.0,0.0,0.0,0.0,0.0,183783.25622249997,352128.19999999995
Mokwa,65883.0,0.0,65883.0,264849.0,0.0,0.0,80377.0,115411.0,408585.25958281243,739362.8
Monguno,29547.0,0.0,0.0,118780.0,0.0,0.0,0.0,0.0,118189.0,331591.19999999995
Mopa-Muro,11845.0,0.0,28428.0,0.0,0.0,16694.0,0.0,0.0,47380.0,132930.0
Moro,29263.0,0.0,29263.0,117637.0,0.0,0.0,13519.44,0.0,187763.902924375,328398.8
Mubi North,40635.0,0.0,0.0,163353.0,0.0,0.0,18773.370000000003,0.0,162540.0,456023.0
Mubi South,34681.0,0.0,0.0,139419.0,0.0,0.0,42311.2,60753.5,138725.0,389207.0
Munya,27880.0,0.0,133824.0,0.0,0.0,78585.0,34013.6,48839.0,74194.77030656247,208161.3568583749
Musawa,46187.0,0.0,0.0,185673.0,0.0,0.0,56348.4,80908.5,184749.0,518332.19999999995
Mushin,170265.0,0.0,0.0,684467.0,0.0,0.0,0.0,0.0,681061.0,1910784.7999999998
Nafada (Bajoga),37169.0,0.0,0.0,149419.0,0.0,0.0,17171.88,42972.700000000004,241858.88422656246,417123.0
Nangere,16571.0,0.0,0.0,66615.0,0.0,0.0,7655.67,0.0,90737.31230406249,185964.39999999997
Nasarawa,105776.0,0.0,61273.5,322586.5,0.0,35981.5,68220.85500000001,44723.75,320981.5,900545.7
Nasarawa-Eggon,40112.0,0.0,0.0,0.0,0.0,0.0,18531.81,46376.525,160449.0,450156.19999999995
Ndokwa East,27751.0,0.0,94353.0,111559.0,0.0,39111.0,33855.9,48612.75,186479.9593603125,311430.39999999997
Ndokwa West,40165.0,0.0,192792.0,0.0,0.0,113212.0,18556.23,0.0,160660.0,450748.0
Nembe,35218.0,0.0,0.0,141576.0,0.0,0.0,0.0,0.0,140871.0,395227.8
Ngala,0.0,0.0,0.0,0.0,0.0,0.0,0.0,0.0,0.0,0.0
Nganzai,0.0,0.0,0.0,0.0,0.0,0.0,0.0,0.0,0.0,0.0
Ngaski,33559.0,0.0,0.0,134909.0,0.0,0.0,134237.0,117575.5,185121.89120749998,376615.6
Ngor-Okpala,43018.0,0.0,43018.0,172933.0,0.0,0.0,0.0,0.0,238148.88878374998,668150.8885944999
Nguru,23622.0,0.0,0.0,94962.0,0.0,0.0,28819.1,41380.75,146080.3314575,265099.2
Ningi,104142.0,0.0,0.0,418651.0,0.0,0.0,127053.3,182431.75,528771.9564555619,1168723.4
Njaba,39031.0,0.0,39031.0,156907.0,0.0,0.0,0.0,0.0,215566.76568531248,604794.943918875
Njikoka,39934.0,0.0,39934.0,160534.0,0.0,0.0,18449.31,0.0,195681.3290709375,549003.7213986249
Nkanu East,40017.0,0.0,0.0,160869.0,0.0,0.0,48820.8,70101.0,221737.58467406247,622107.237087375
Nkanu West,39458.0,0.0,0.0,158621.0,0.0,0.0,18229.530000000002,0.0,218995.47989531248,614414.3437068749
Nkwere,21559.0,0.0,21559.0,86669.0,0.0,0.0,0.0,0.0,119068.81061875,334059.6697324999
Nnewi North,42383.0,0.0,42383.0,170379.0,0.0,0.0,19580.88,0.0,240162.66229562496,673800.4544277498
Nnewi South,62849.0,0.0,62849.0,252652.0,0.0,0.0,29036.04,0.0,291977.3432115625,819172.5609923748
Nsit Atai,20064.0,0.0,96308.0,0.0,0.0,56555.0,0.0,0.0,0.0,0.0
Nsit Ibom,29214.0,0.0,70114.0,0.0,0.0,41173.0,0.0,0.0,0.0,0.0
Nsit Ubiom,34491.0,0.0,165558.0,0.0,0.0,97220.0,0.0,0.0,0.0,0.0
Nsuka,83284.0,0.0,0.0,334803.0,0.0,0.0,38477.340000000004,0.0,409279.7792959375,1148275.3820286249
Numan,24402.0,0.0,0.0,98098.0,0.0,0.0,29770.7,42746.75,97609.0,273852.2
Nwangele,34556.0,0.0,34556.0,138917.0,0.0,0.0,15965.070000000002,39952.675,191933.88610687497,538489.8810992499
Obafemi-Owode,61556.0,0.0,209290.0,247455.0,0.0,86753.0,75098.0,107830.5,341393.7474296875,690803.3999999999
Obanliku,29675.0,0.0,0.0,0.0,0.0,0.0,36203.3,51983.25,47503.691560937485,266553.6727412499
Obi,33317.0,0.0,61347.5,53445.5,0.0,28217.5,25469.864999999998,46438.412500000006,96297.08065875,149200.6
Obio-Ngwa,48803.0,0.0,48803.0,196189.0,0.0,0.0,0.0,0.0,269533.92955156247,756205.0027443749
Obio/Akpor,125018.0,0.0,300043.0,0.0,0.0,176192.0,0.0,0.0,0.0,0.0
Obokun,31339.0,0.0,31339.0,125982.0,0.0,0.0,0.0,0.0,195756.18616406247,351696.0
Obot Akara,39884.0,0.0,191444.0,0.0,0.0,112421.0,0.0,0.0,0.0,0.0
Obowo,31770.0,0.0,31770.0,127716.0,0.0,0.0,0.0,0.0,171308.45795187497,480623.6822652499
Obubra,46384.0,0.0,0.0,186462.0,0.0,0.0,0.0,0.0,245389.79933218748,688466.4381301249
Obudu,43065.0,0.0,0.0,0.0,0.0,0.0,52539.3,75439.75,47325.31539781248,265552.7662277499
Odeda,29439.0,0.0,70654.0,0.0,0.0,41490.0,117757.0,103141.5,117757.0,330379.6
Odigbo,61959.0,0.0,61959.0,249077.0,0.0,0.0,75590.3,108537.75,247837.0,695331.6
Odo-Otin,36073.0,0.0,36073.0,145013.0,0.0,0.0,16665.66,0.0,176549.7109659375,404823.80000000005
Odogbolu,34193.0,0.0,34193.0,137457.0,0.0,0.0,15797.43,0.0,201863.52158468746,383730.39999999997
Odukpani,51763.0,0.0,248462.0,0.0,0.0,145903.0,0.0,0.0,93734.02457124999,525960.5375989999
Offa,24120.0,0.0,57888.0,0.0,0.0,33994.0,0.0,0.0,96481.0,270687.8
Ofu,51689.0,0.0,124054.0,0.0,0.0,72848.0,0.0,0.0,206757.0,580077.6
Ogba/Egbema/Ndoni,76392.0,0.0,183341.0,0.0,0.0,107662.0,0.0,0.0,0.0,0.0
Ogbadibo,34619.0,0.0,83086.0,0.0,0.0,48791.0,15994.11,0.0,138477.0,388511.6
Ogbaru,59681.0,0.0,0.0,239916.0,0.0,0.0,27572.49,0.0,238722.0,669758.6
Ogbia,48396.0,0.0,48396.0,194553.0,0.0,0.0,22359.15,0.0,193585.0,543123.0
Ogbomosho North,53451.0,0.0,128283.0,0.0,0.0,75331.0,24694.56,0.0,81400.46085656247,228377.2903983749
Ogbomosho South,27117.0,0.0,65081.0,0.0,0.0,38218.0,12528.12,0.0,41295.84786406248,115860.37401937494
Ogo Oluwa,17533.0,0.0,84158.0,70483.0,0.0,49420.0,21390.2,30713.5,44990.53037156249,126225.48504037496
Ogoja,46238.0,0.0,0.0,185876.0,0.0,0.0,56410.100000000006,80997.25,95303.20497656245,534765.9478687497
Ogori/Magongo,10657.0,0.0,25577.0,0.0,0.0,15020.0,0.0,0.0,42629.0,119600.2
Ogu/Bolo,20088.0,0.0,20088.0,80754.0,0.0,0.0,0.0,0.0,80352.0,225435.59999999998
Ogun Waterside,19618.0,0.0,94166.0,0.0,0.0,55297.0,23933.9,34366.25,78472.0,220161.59999999998
Oguta,38466.0,0.0,130784.0,154634.0,0.0,54212.0,0.0,0.0,153864.0,431681.19999999995
Ohafia,65938.0,0.0,65938.0,265073.0,0.0,0.0,0.0,0.0,321554.0582046875,902152.3629731247
Ohaji/Egbema,49099.0,0.0,166936.0,197377.0,0.0,69197.0,0.0,0.0,196395.0,551006.0
Ohaozara,39977.0,0.0,39977.0,160708.0,0.0,0.0,18469.440000000002,0.0,199031.54409531248,448638.4
Ohaukwu,52810.0,0.0,253488.0,212298.0,0.0,148854.0,64428.4,92510.5,105422.96155781246,295775.2923618749
Ohimini,19227.0,0.0,19227.0,77293.0,0.0,0.0,8882.94,0.0,153816.0,215773.4
Ojo,160868.0,0.0,772166.0,0.0,0.0,453433.0,0.0,0.0,0.0,0.0
Oju,45790.0,0.0,45790.0,184075.0,0.0,0.0,55863.600000000006,80213.5,277280.68365843745,513871.19999999995
Oke-Ero,15498.0,0.0,0.0,62303.0,0.0,0.0,7160.34,0.0,123986.0,173928.4
Okehi,53795.0,0.0,53795.0,216257.0,0.0,0.0,24853.29,0.0,294533.667181875,603712.7999999999
Okene,86143.0,0.0,86143.0,346294.0,0.0,0.0,0.0,0.0,448232.27618437493,966728.8
Okigwe,35569.0,0.0,35569.0,142987.0,0.0,0.0,16432.68,41123.7,193754.1840678125,543597.715389875
Okitipupa,62824.0,0.0,62824.0,252552.0,0.0,0.0,0.0,0.0,251295.0,705034.0
Okobo,27989.0,0.0,95163.0,112516.0,0.0,39447.0,0.0,0.0,111956.0,314103.8
Okpe,34975.0,0.0,167880.0,0.0,0.0,98583.0,0.0,0.0,139900.0,392504.0
Okpokwu,47514.0,0.0,0.0,0.0,0.0,0.0,0.0,0.0,128965.08288906247,361825.2320893749
Okrika,59720.0,0.0,59720.0,240075.0,0.0,0.0,0.0,0.0,238880.0,670202.0
Ola-Oluwa,20602.0,0.0,20602.0,82821.0,0.0,0.0,9518.19,0.0,118131.80039218749,231204.39999999997
Olamaboro,43077.0,0.0,103385.0,173171.0,0.0,60711.0,0.0,0.0,144346.93628249996,404980.4215909999
Olorunda,35441.0,0.0,35441.0,142472.0,0.0,0.0,43237.7,62084.25,174590.3953671875,397730.4
Olorunsogo,21991.0,0.0,52779.0,0.0,0.0,30994.0,10160.04,0.0,35422.68023562499,99382.50465974996
Oluyole,54529.0,0.0,185398.0,219205.0,0.0,76849.0,25192.2,0.0,267256.6329409375,611941.2
Omala,29158.0,0.0,29158.0,117215.0,0.0,0.0,0.0,0.0,233262.0,327220.8
Omumma,26996.0,0.0,91787.0,108525.0,0.0,38047.0,0.0,0.0,107985.0,302963.0
Ona-Ara,71295.0,0.0,342216.0,0.0,0.0,200957.0,32938.29,0.0,14389.304842187492,40371.05355812497
Ondo East,20108.0,0.0,20108.0,80836.0,0.0,0.0,9290.16,0.0,160866.0,225663.4
Ondo West,76301.0,0.0,76301.0,306733.0,0.0,0.0,0.0,0.0,411315.97470093746,856286.7999999999
Onicha,63701.0,0.0,152883.0,0.0,0.0,89777.0,29430.06,0.0,254806.0,714883.7999999999
Onitsha North,33607.0,0.0,0.0,135099.0,0.0,0.0,0.0,0.0,134426.0,377145.8
Onitsha South,36759.0,0.0,0.0,147773.0,0.0,0.0,16982.79,0.0,147037.0,412527.6
Onna,33185.0,0.0,159286.0,266804.0,0.0,93536.0,0.0,0.0,0.0,0.0
Onuimo,26695.0,0.0,26695.0,107315.0,0.0,0.0,12333.09,30863.725,141536.094199375,397094.06375825
Opopo/Nkoro,40753.0,0.0,138560.0,163828.0,0.0,57435.0,0.0,0.0,163012.0,457346.6
Oredo,100778.0,0.0,241867.0,0.0,0.0,142030.0,46559.37,0.0,0.0,0.0
Orelope,28092.0,0.0,28092.0,112931.0,0.0,0.0,12978.57,0.0,163366.0385971875,315263.19999999995
Orhionmwon,49147.0,0.0,235906.0,0.0,0.0,138530.0,0.0,0.0,196588.0,551547.3999999999
Ori Ire,40516.0,0.0,97238.0,0.0,0.0,57101.0,18718.260000000002,0.0,67657.54884312497,189820.1367607499
Oriade,39975.0,0.0,39975.0,160699.0,0.0,0.0,18468.45,0.0,218693.3728565625,448613.19999999995
Orji-River,34049.0,0.0,0.0,136878.0,0.0,0.0,15730.77,0.0,184806.2705521875,518492.5575461249
Orlu,38388.0,0.0,38388.0,154319.0,0.0,0.0,0.0,0.0,212011.5798384375,594820.423547625
Oron,23525.0,0.0,79985.0,94571.0,0.0,33155.0,0.0,0.0,94100.0,264007.0
Orsu,32278.0,0.0,109745.0,129758.0,0.0,45491.0,0.0,0.0,178750.02416625,501502.0676654999
Oru East,30078.0,0.0,30078.0,120913.0,0.0,0.0,13895.970000000001,34774.925,120311.0,337544.8
Oru West,31603.0,0.0,31603.0,127044.0,0.0,0.0,0.0,0.0,126411.0,354658.8
Oruk Anam,46440.0,0.0,222912.0,0.0,0.0,130899.0,0.0,0.0,0.0,0.0
Orumba North,46373.0,0.0,0.0,186420.0,0.0,0.0,21424.260000000002,0.0,233400.12860406248,654828.3600913748
Orumba South,50352.0,0.0,50352.0,202416.0,0.0,0.0,23262.690000000002,0.0,248960.259328125,698483.7261187498
Ose,38975.0,0.0,38975.0,156680.0,0.0,0.0,18006.45,0.0,238969.42594718747,437394.0
Oshimili North,31017.0,0.0,31017.0,124690.0,0.0,0.0,14329.92,0.0,185876.34052281248,348088.19999999995
Oshimili South,40240.0,0.0,96576.0,0.0,0.0,56712.0,18590.88,0.0,160960.0,451590.0
Oshodi-Isolo,167172.0,0.0,0.0,672032.0,0.0,0.0,77233.53,193277.825,668688.0,1876071.4
Oshogbo,42147.0,0.0,42147.0,169432.0,0.0,0.0,19471.98,0.0,168589.0,472994.19999999995
Osisioma Ngwa,59076.0,0.0,0.0,237487.0,0.0,0.0,0.0,0.0,326271.93193812494,915389.4094267499
Otorkpo,70382.0,0.0,0.0,282937.0,0.0,0.0,85866.3,123292.75,427630.55725343747,789858.2
Ovia North East,41382.0,0.0,198634.0,0.0,0.0,116643.0,0.0,0.0,165528.0,928810.7999999999
Ovia South West,36408.0,0.0,123787.0,146360.0,0.0,51311.0,16820.43,0.0,220792.60449894122,408582.8
Owan East,41526.0,0.0,141189.0,166936.0,0.0,58525.0,19185.21,0.0,239848.53159687496,672919.88847125
Owan West,26195.0,0.0,62868.0,0.0,0.0,36918.0,12102.09,0.0,104781.0,587947.6
Owerri North,47177.0,0.0,0.0,189653.0,0.0,0.0,21795.84,54544.6,239645.10812562497,672349.3027517499
Owerri West,26700.0,0.0,26700.0,107334.0,0.0,0.0,0.0,0.0,147460.934689375,413716.61713025
Owerri municipal,34217.0,0.0,34217.0,137554.0,0.0,0.0,15808.320000000002,39560.8,136869.0,384000.19999999995
Owo,58875.0,0.0,58875.0,236680.0,0.0,0.0,27200.58,0.0,332656.07843156246,660724.6
Oye,36098.0,0.0,36098.0,145114.0,0.0,0.0,16677.21,0.0,215788.38386624996,405106.6
Oyi,45196.0,0.0,45196.0,181688.0,0.0,0.0,0.0,0.0,213291.7311540625,598411.8472313749
Oyigbo,33000.0,0.0,0.0,0.0,0.0,0.0,0.0,0.0,0.0,0.0
Oyo East,33312.0,0.0,159898.0,0.0,0.0,93896.0,15390.210000000001,0.0,18408.066814374997,51646.58708024999
Oyo West,36644.0,0.0,124590.0,147311.0,0.0,51645.0,16929.66,0.0,171589.51705125,411239.4
Oyun,25352.0,0.0,0.0,101916.0,0.0,0.0,11712.69,0.0,202816.0,284510.39999999997
Paikoro,42522.0,0.0,42522.0,170937.0,0.0,0.0,51876.2,74487.5,170086.0,477193.8
Pankshin,51559.0,0.0,0.0,0.0,0.0,0.0,62902.100000000006,90319.75,206236.0,578615.7999999999
Patani,18212.0,0.0,61920.0,73211.0,0.0,25666.0,22218.0,31902.0,72846.0,204376.8
Pategi,30211.0,0.0,0.0,121448.0,0.0,0.0,36857.1,52921.75,207441.97804624998,339037.39999999997
Port-Harcourt,145548.0,0.0,0.0,0.0,0.0,0.0,0.0,0.0,0.0,0.0
Potiskum,40517.0,0.0,0.0,0.0,0.0,0.0,18718.59,0.0,59599.714741562486,167213.20127637495
Quan'Pam,52970.0,0.0,0.0,0.0,0.0,0.0,24471.81,0.0,0.0,0.0
Rabah,40122.0,0.0,0.0,161291.0,0.0,0.0,48948.9,70284.75,160488.0,450265.39999999997
Rafi,48935.0,0.0,0.0,196719.0,0.0,0.0,59700.7,85722.25,295021.34663437493,549169.0
Rano,39120.0,0.0,0.0,157263.0,0.0,0.0,47726.4,68529.0,156480.0,439021.0
Remo north,16115.0,0.0,0.0,64782.0,0.0,0.0,19660.1,28230.25,95135.2848059375,180846.2
Rijau,47354.0,0.0,47354.0,190365.0,0.0,0.0,189417.0,165906.0,378834.0,531428.6
Rimi,41354.0,0.0,0.0,166243.0,0.0,0.0,50451.5,72441.75,165415.0,464088.99999999994
Rimin Gado,28186.0,0.0,28186.0,113309.0,0.0,0.0,34387.3,49376.25,112745.0,316318.0
Ringim,51650.0,0.0,0.0,207633.0,0.0,0.0,0.0,0.0,238670.621249375,579637.0
Riyom,35386.0,0.0,0.0,0.0,0.0,0.0,43170.600000000006,61987.0,0.0,0.0
Rogo,61258.0,0.0,61258.0,246257.0,0.0,0.0,74734.5,107309.25,288785.2599340625,687459.8
Roni,20932.0,0.0,0.0,84145.0,0.0,0.0,9670.32,0.0,108237.71057437499,234901.8
Sabo-Gari,77162.0,0.0,77162.0,310192.0,0.0,0.0,94137.70000000001,135169.75,308648.0,865943.3999999999
Sabon Bimi,55840.0,0.0,0.0,224475.0,0.0,0.0,68124.1,97816.75,223358.0,626653.3999999999
Sabuwa,36594.0,0.0,0.0,147110.0,0.0,0.0,16906.56,0.0,146378.0,410678.39999999997
Safana,49432.0,0.0,0.0,198718.0,0.0,0.0,60307.3,86593.25,197729.0,554749.2
Sagbama,50338.0,0.0,0.0,202359.0,0.0,0.0,0.0,0.0,201352.0,564913.6
Sakaba,24191.0,0.0,0.0,97248.0,0.0,0.0,11176.11,0.0,137302.1906959375,271481.2
Saki East,29648.0,0.0,71155.0,0.0,0.0,41784.0,36170.3,51935.75,84291.56757968746,236489.38922312486
Saki West,74776.0,0.0,358926.0,0.0,0.0,210770.0,91227.3,130989.75,18787.77844874999,52711.779656499966
Sandamu,36927.0,0.0,0.0,148448.0,0.0,0.0,17060.34,0.0,147709.0,414413.19999999995
Sanga,40167.0,0.0,0.0,161473.0,0.0,0.0,49004.0,70363.5,321338.0,450773.19999999995
Sapele,46234.0,0.0,221924.0,0.0,0.0,130320.0,21360.24,0.0,184937.0,518859.6
Sardauna,60369.0,0.0,144885.0,0.0,0.0,85080.0,27890.280000000002,0.0,241474.0,677480.2
Shagamu,68162.0,0.0,0.0,274013.0,0.0,0.0,31490.91,0.0,402404.41291874996,764944.2
Shagari,42072.0,0.0,0.0,169128.0,0.0,0.0,51327.2,73699.0,168286.0,472143.8
Shanga,34199.0,0.0,0.0,137482.0,0.0,0.0,41723.3,59908.75,273596.0,383801.39999999997
Shani,27521.0,0.0,0.0,110635.0,0.0,0.0,0.0,0.0,220168.0,308852.19999999995
Shanono,37820.0,0.0,37820.0,152037.0,0.0,0.0,46140.4,66252.0,151280.0,424432.0
Shelleng,40096.0,0.0,0.0,161187.0,0.0,0.0,48917.5,70239.75,210536.95944812498,449977.0
Shendam,55952.0,0.0,0.0,0.0,0.0,0.0,68261.5,98014.25,0.0,0.0
Shinkafi,36487.0,0.0,0.0,146676.0,0.0,0.0,44513.5,63915.25,145946.0,409466.8
Shira,62942.0,0.0,0.0,0.0,0.0,0.0,76789.3,110259.75,0.0,0.0
Shiroro,63318.0,0.0,63318.0,254541.0,0.0,0.0,77248.6,110918.5,298634.5284525,710586.2
Shogom,40756.0,0.0,0.0,163838.0,0.0,0.0,49721.8,71394.5,297856.7183162499,457374.6
Shomolu,108310.0,0.0,259944.0,0.0,0.0,152645.0,0.0,0.0,0.0,0.0
Silame,28075.0,0.0,0.0,112864.0,0.0,0.0,34252.2,49182.5,112302.0,315074.6
Soba,78883.0,0.0,78883.0,317110.0,0.0,0.0,96237.20000000001,138184.0,315532.0,885256.6
Sokoto South,52428.0,0.0,0.0,210760.0,0.0,0.0,24221.670000000002,0.0,209711.0,588365.7999999999
SokotoNorth,62630.0,0.0,0.0,0.0,0.0,0.0,28935.390000000003,0.0,0.0,0.0
Song,51831.0,0.0,0.0,208362.0,0.0,0.0,23946.120000000003,0.0,414650.0,581672.0
Southern Ijaw,85915.0,0.0,292111.0,345379.0,0.0,121083.0,0.0,0.0,343660.0,964172.9999999999
Sule-Tankarkar,35195.0,0.0,0.0,141486.0,0.0,0.0,42938.600000000006,61654.5,140782.0,394978.6
Suleja,58255.0,0.0,139812.0,0.0,0.0,82101.0,71070.9,102048.25,83961.30676281247,235562.6589358749
Sulere,38214.0,0.0,91713.0,0.0,0.0,53856.0,17654.670000000002,0.0,22076.25781249999,61937.52187499996
Sumaila,68229.0,0.0,68229.0,274282.0,0.0,0.0,83239.70000000001,119521.25,320750.0693275,765696.5999999999
Suru,40409.0,0.0,0.0,162443.0,0.0,0.0,49298.4,70786.0,311208.59413249994,453481.19999999995
Surulere,135557.0,0.0,0.0,544940.0,0.0,0.0,0.0,0.0,542228.0,1521275.4
Tafa,22471.0,0.0,0.0,90336.0,0.0,0.0,27415.2,39365.0,179772.0,252184.8
Tafawa-Balewa,59170.0,0.0,0.0,237862.0,0.0,0.0,72186.7,103650.25,392745.3096615011,664024.3999999999
Tai,31685.0,0.0,76044.0,0.0,0.0,44655.0,0.0,0.0,0.0,0.0
Takai,54533.0,0.0,0.0,219225.0,0.0,0.0,66530.9,95529.75,263780.63675375,611997.2
Takum,36406.0,0.0,87374.0,0.0,0.0,51308.0,16819.440000000002,0.0,145623.0,408560.39999999997
Talata Mafara,57878.0,0.0,0.0,232670.0,0.0,0.0,70611.1,101388.25,231512.0,649530.6
Tambuwal,60501.0,0.0,0.0,243217.0,0.0,0.0,73811.8,105983.5,242006.0,678972.7999999999
Tangaza,30624.0,0.0,0.0,123108.0,0.0,0.0,14148.09,0.0,122495.0,343672.0
Tarauni,59543.0,0.0,0.0,239362.0,0.0,0.0,27508.800000000003,0.0,238171.0,668212.7999999999
Tarka,21382.0,0.0,21382.0,85957.0,0.0,0.0,26086.300000000003,37456.75,150233.62859812498,239960.2
Tarmua,0.0,0.0,0.0,0.0,0.0,0.0,67558.6,97004.5,53701.82170437498,150666.10077224995
Taura,35440.0,0.0,0.0,142468.0,0.0,0.0,16373.28,0.0,159885.3737646875,397719.19999999995
Tofa,26288.0,0.0,26288.0,105680.0,0.0,0.0,32072.0,46052.0,105154.0,295020.19999999995
Toro,94247.0,0.0,0.0,378874.0,0.0,0.0,43542.18,0.0,598012.908961684,1057681.2
Toto,32029.0,0.0,0.0,0.0,0.0,0.0,14797.53,37030.825000000004,128117.0,359445.6
Toungo,13998.0,0.0,13998.0,56271.0,0.0,0.0,17077.3,24521.25,111982.0,157088.8
Tsafe,71550.0,0.0,0.0,287633.0,0.0,0.0,87291.20000000001,125338.5,324289.6091290625,802965.7999999999
Tsanyawa,42412.0,0.0,42412.0,170498.0,0.0,0.0,19594.41,0.0,169649.0,475968.19999999995
Tudun wada,62333.0,0.0,0.0,250581.0,0.0,0.0,76046.9,109193.75,311229.6455540625,699532.2
Tureta,18390.0,0.0,18390.0,73928.0,0.0,0.0,22435.800000000003,32215.5,73560.0,206380.0
Udenu,48003.0,0.0,48003.0,192975.0,0.0,0.0,22177.65,0.0,251860.08577874996,706619.2401804999
Udi,62941.0,0.0,62941.0,253024.0,0.0,0.0,29078.940000000002,0.0,314238.16045843746,881626.8492836249
Udu,38561.0,0.0,131107.0,155015.0,0.0,54345.0,0.0,0.0,154243.0,432744.39999999997
Udung Uko,14331.0,0.0,48725.0,57610.0,0.0,20197.0,6620.79,0.0,57323.0,160826.4
Ughelli North,86349.0,0.0,414476.0,0.0,0.0,243390.0,0.0,0.0,345397.0,969046.6
Ughelli South,57447.0,0.0,275746.0,0.0,0.0,161925.0,0.0,0.0,0.0,0.0
Ugwunagbo,22222.0,0.0,75555.0,89334.0,0.0,31319.0,0.0,0.0,122731.02017625,344334.8564935
Uhunmwonde,32496.0,0.0,155980.0,0.0,0.0,91595.0,0.0,0.0,129984.0,729366.3999999999
Ukanafun,34169.0,0.0,82006.0,0.0,0.0,48156.0,0.0,0.0,0.0,0.0
Ukum,58349.0,0.0,58349.0,234564.0,0.0,0.0,71186.1,102214.25,404064.13389687496,654819.6
Ukwa East,15833.0,0.0,15833.0,63651.0,0.0,0.0,0.0,0.0,107483.86647406247,301556.8261273749
Ukwa West,23819.0,0.0,23819.0,95754.0,0.0,0.0,0.0,0.0,152549.87716812498,427994.65607074986
Ukwuani,32382.0,0.0,110099.0,130177.0,0.0,45638.0,0.0,0.0,205453.66586874996,363407.19999999995
Umu-Nneochi,44093.0,0.0,44093.0,177254.0,0.0,0.0,20370.9,0.0,256234.18721218748,718890.7241941249
Umuahia North,59353.0,0.0,59353.0,238599.0,0.0,0.0,27421.02,0.0,327799.14693718747,919673.6114241248
Umuahia South,37272.0,0.0,37272.0,149835.0,0.0,0.0,17219.73,0.0,205850.5910371875,577534.6549041249
Ungogo,99430.0,0.0,0.0,399707.0,0.0,0.0,45936.33,0.0,397718.0,1115838.4
Uruan,31820.0,0.0,108188.0,127917.0,0.0,44845.0,0.0,0.0,127280.0,357097.0
Urue-Offong/Oruko,19140.0,0.0,91872.0,0.0,0.0,53950.0,0.0,0.0,0.0,0.0
Ushongo,50660.0,0.0,0.0,0.0,0.0,0.0,61804.5,88742.75,164650.91211781243,461945.5539298748
Ussa,24751.0,0.0,59402.0,0.0,0.0,34883.0,11434.83,0.0,99002.0,277760.6
Uvwie,51502.0,0.0,247208.0,0.0,0.0,145166.0,0.0,0.0,0.0,0.0
Uyo,83268.0,0.0,199844.0,0.0,0.0,117354.0,0.0,0.0,0.0,0.0
Uzo-Uwani,33482.0,0.0,0.0,0.0,0.0,0.0,40848.3,58652.75,133929.0,751503.3999999999
Vandeikya,61897.0,0.0,148553.0,0.0,0.0,87234.0,75514.6,108429.0,82784.20069624997,232259.7619494999
Wamakko,48314.0,0.0,0.0,0.0,0.0,0.0,58942.5,84633.75,0.0,0.0
Wamba,19607.0,0.0,0.0,0.0,0.0,0.0,23920.6,34347.5,78428.0,220038.4
Warawa,34641.0,0.0,34641.0,139256.0,0.0,0.0,42261.7,60682.25,138563.0,388752.39999999997
Warii North,36931.0,0.0,125565.0,148462.0,0.0,52048.0,17061.99,0.0,147723.0,414452.39999999997
Warji,30856.0,0.0,0.0,124041.0,0.0,0.0,37644.0,54051.5,246846.0,346276.39999999997
Warri South,81612.0,0.0,277481.0,328082.0,0.0,115019.0,37704.810000000005,0.0,326449.0,915886.2
Warri South West,31385.0,0.0,106708.0,126166.0,0.0,44231.0,14499.54,0.0,125538.0,352210.39999999997
Wasagu/Danko,71334.0,0.0,0.0,286762.0,0.0,0.0,87027.1,124958.75,347877.0383828125,800536.0
Wase,43497.0,0.0,0.0,0.0,0.0,0.0,53066.600000000006,76197.0,173989.0,488144.19999999995
Wudil,49812.0,0.0,0.0,200243.0,0.0,0.0,60770.0,87258.0,199246.0,559004.7999999999
Wukari,64971.0,0.0,64971.0,261182.0,0.0,0.0,30016.47,0.0,259882.0,729125.6
Wurno,43657.0,0.0,43657.0,175502.0,0.0,0.0,53261.600000000006,76477.0,174628.0,489936.39999999997
Wushishi,21998.0,0.0,21998.0,88431.0,0.0,0.0,26837.300000000003,38535.25,175982.0,246867.8
Yabo,30935.0,0.0,0.0,124361.0,0.0,0.0,37741.4,54192.5,123742.0,347170.6
Yagba East,40084.0,0.0,0.0,161137.0,0.0,0.0,0.0,0.0,214849.22799187497,449836.0
Yagba West,37697.0,0.0,0.0,0.0,0.0,0.0,17416.08,0.0,150789.0,423054.19999999995
Yakur,52841.0,0.0,126818.0,0.0,0.0,74471.0,0.0,0.0,59540.55037062499,334094.08207549993
Yala,56712.0,0.0,0.0,227983.0,0.0,0.0,69188.7,99346.25,170063.12748312496,954258.5139054997
Yamaltu/Deba,68656.0,0.0,0.0,275998.0,0.0,0.0,83760.20000000001,120268.5,470202.86626281246,770485.2
Yankwashi,25757.0,0.0,0.0,103544.0,0.0,0.0,11899.800000000001,0.0,136698.70841562498,289055.39999999997
Yauri,26838.0,0.0,0.0,107888.0,0.0,0.0,32742.1,47013.25,107351.0,301184.8
Yenegoa,95042.0,0.0,95042.0,382067.0,0.0,0.0,0.0,0.0,380166.0,1066593.8
Yola North,53324.0,0.0,0.0,0.0,0.0,0.0,24635.82,0.0,32861.83432937499,92198.13612224997
Yola South,52345.0,0.0,0.0,210427.0,0.0,0.0,63860.9,91695.75,248969.79466031247,587437.0
Yorro,24049.0,0.0,0.0,96678.0,0.0,0.0,11110.77,0.0,192394.0,269890.6
Yunusari,33843.0,0.0,0.0,136049.0,0.0,0.0,41288.4,59285.0,135372.0,379800.6
Yusufari,29880.0,0.0,0.0,120117.0,0.0,0.0,13804.560000000001,0.0,119519.0,335323.19999999995
Zaki,51496.0,0.0,0.0,0.0,0.0,0.0,62824.8,90208.5,0.0,0.0
Zango,41622.0,0.0,0.0,167322.0,0.0,0.0,0.0,0.0,166489.0,467102.19999999995
Zangon-Kataf,85096.0,0.0,85096.0,342088.0,0.0,0.0,39314.55,0.0,604424.2247896874,954987.8
Zaria,109796.0,0.0,0.0,0.0,0.0,0.0,133951.5,192336.75,0.0,0.0
Zing,34258.0,0.0,0.0,137717.0,0.0,0.0,15827.130000000001,0.0,274062.0,384454.8
Zurmi,79036.0,0.0,0.0,317724.0,0.0,0.0,96423.6,138451.5,341559.8371446875,886971.3999999999
Zuru,44528.0,0.0,0.0,179005.0,0.0,0.0,20572.2,0.0,184377.4758665625,499717.1999999999
orolu,27725.0,0.0,94266.0,111457.0,0.0,39075.0,12809.28,0.0,153332.56751562498,311147.6
