,state_names,district_population,total_treatment_mbd_alb,total_target_alb,total_target_mbd,lf_alb_total_procured,sth_mbd_total_procured,schisto_pzq_total_treatment,schisto_pzq_total_procured,lf_ivm_total_treatment,lf_ivm_total_procured,oncho_ivm_total_treatment,oncho_ivm_total_procured,lf_prev,oncho_prev,sth_prev,schisto_prev,lf_mda,oncho_mda,sth_mda,schisto_mda,lf_yld,oncho_yld,schisto_yld,alb_ratio,mbd_ratio,pzq_ratio,oncho_ivm_ratio,lf_ivm_ratio,OnchoPopReq,OnchoPopTreat,SchPopReq,SchPopTreat,ADMIN1_NAME,LFPopReq,LFPopTreat,normalized_oncho_ivm_total_procured,normalized_OnchoPopTreat,normalized_schisto_pzq_total_procured,normalized_SchPopTreat,normalized_pzq_ratio,normalized_schisto_yld,normalized_oncho_ivm_ratio,normalized_oncho_yld,oncho_coverage,schisto_coverage,lf_coverage,Oncho Drug Procured / Treated,Schisto Drug Procured / Treated,LF Drug Procured / Treated,IVM Ratio * Oncho Coverage,PZQ Ratio * Schisto Coverage,Normalized Oncho Drug Procured / Treated,Normalized Schisto Drug Procured / Treated,Oncho Measure,Schisto Measure,Standardized Oncho Drug Procured / Treated,Standardized Schisto Drug Procured / Treated,Schisto Measure 2,Standardized LF Drug Procured / Treated,standardized_pzq_ratio,standardized_oncho_ivm_ratio
0,Abia,3811413.5830251817,762282,0,990432,3049131,167548,95517.18000000001,0.0,3049131,8537566.799999999,1145295.945155312,3206828.646434874,1.0,1.0,2.1176470588235294,0.29411764705882354,1.0,2.0,1.1176470588235294,0.0,15078.55674350013,35229.768390846926,39483.47019044167,inf,0.16916658589383218,0.0,2.8,2.8,2974763,2641782,0,0,Abia,2974763,2641782,0.9385097490379841,1.0541473333475802,0.0,0.0,0.0,0.7441917893118919,1.0,0.7441917893118917,88.806469624639,,88.806469624639,1.2138884459182755,,4.385940172201945,0.8880646962463901,,0.890302256002134,,1.3437396305119658,-1.0,-0.31170544137482115,,,-0.3030506536438403,-1.6577671337134319,0.0
1,Adamawa,4260743.628983517,852147,792834,59313,2868274,0,809107.55,959070.0,2868274,8031167.199999999,1641987.3240981246,4597564.507474748,0.8571428571428571,0.8571428571428571,1.0952380952380953,1.6666666666666667,0.8571428571428571,0.8571428571428571,0.09523809523809523,0.6666666666666666,16856.177683068872,39383.02888208871,44138.20237544488,3.6177484820277637,0.0,1.1853430362873267,2.8,2.8,2763239,2362532,0,0,Adamawa,2563225,2147084,1.3455221927411138,0.9427185164212359,1.3191367029439205,0.0,1.2063103920515794,0.8319250472250673,1.0,0.8319250472250671,85.49864850633622,,83.76494455227301,1.946032691821634,,5.076392539835423,0.8549864850633623,,1.4272788423091636,,1.2020313648874454,1.4500229270356693,0.3556747707064031,,,-0.11595200564649155,0.3420145872866411,0.0
2,Akwa Ibom,5272243.927920927,1054449,0,3850694,1345455,2107742,6620.79,0.0,949701,2659162.8,428945.29763499997,1201046.833378,0.3548387096774194,0.12903225806451613,2.7096774193548385,0.03225806451612903,0.3548387096774194,0.16129032258064516,1.7096774193548387,0.0,20857.83332115613,48732.55773341671,54616.60914782643,inf,0.5473667863507201,0.0,2.8000000000000003,2.8,1637789,1413876,248227,99896,Akwa Ibom,1119590,1034890,0.35149809561218287,0.5641773678086017,0.0,0.13559586861710732,0.0,1.0294240068520817,1.0000000000000002,1.0294240068520815,86.32833655617421,40.243809094095326,92.43473057101261,0.8494711229117687,0.0,3.8696072046304435,0.8632833655617423,0.0,0.6230276428448106,0.0,0.9714170189773812,-1.0,-0.6438871278047613,-0.6332714969725155,,-0.4429664605519992,-1.6577671337134319,1.9323488539423455e-15
3,Anambra,5624368.099440388,1124876,511086,613790,4499495,0,266114.97000000003,0.0,4499495,12598586.0,710919.9642353122,1990575.8998588743,1.0,0.7619047619047619,1.5714285714285714,0.5238095238095238,1.0,1.5238095238095237,0.5714285714285714,0.0,22250.89240156165,51987.32207142991,58264.35923494437,8.803792316752954,0.0,0.0,2.8000000000000003,2.8,4389749,3645687,233848,193974,Anambra,4389749,3645687,0.5825614942957793,1.454734428983898,0.0,0.26329455653013906,0.0,1.098177478905105,1.0000000000000002,1.0981774789051046,83.05001037644749,82.94875303616024,83.05001037644749,0.5460084477517885,0.0,4.689947601096858,0.8305001037644751,0.0,0.4004589997245659,0.0,0.910599624567981,-1.0,-0.920506094135798,-0.6332714969725155,,-0.22067077981946323,-1.6577671337134319,1.9323488539423455e-15
4,Bauchi,6289214.750634591,1257843,1257843,0,2871021,0,1054755.27,1342308.75,2871021,8038858.8,1673446.722556055,4685650.823156954,0.55,0.6,1.0,1.35,0.55,0.6,0.0,0.55,24881.13121909792,58132.65188851348,65151.68656424613,2.282495510170983,,1.2726257817133257,2.8,2.8,3504391,2470485,0,0,Bauchi,2831103,2100130,1.3713015140392735,0.985794881949077,1.8462559967549554,0.0,1.295137068912954,1.227991105317572,1.0,1.2279911053175718,70.4968423900187,,74.18062853947737,1.8966522051973413,,5.194859270616581,0.704968423900187,,1.3910617098437223,,0.814338145992832,1.0546795195051655,0.3106623843899169,,,-0.08384991403111935,0.48926853278441135,0.0
5,Bayelsa,2290827.137890524,458166,0,779244,1541891,291735,55943.25,0.0,1541891,4317294.8,0.0,0.0,0.875,0.0,1.875,0.25,0.875,0.0,0.875,0.0,9062.875554118014,21174.639732299212,23731.301534210263,inf,0.3743820934136163,0.0,,2.8,269994,266691,387572,163588,Bayelsa,269994,266691,0.0,0.1064174131240956,0.0,0.22204950103442933,0.0,0.447291984880279,,0.44729198488027877,98.77663948087735,42.20841546860971,98.77663948087735,0.0,0.0,21.969941992793157,,0.0,0.0,0.0,,-1.0,0.0,-0.6332714969725155,,4.461858732200977,-1.6577671337134319,
6,Benue,5674414.102368245,1134881,0,1161743,3285875,301336,1179738.27,1563858.75,3285875,9200450.0,3055336.894180312,8554943.303704873,0.6956521739130435,1.0,1.7826086956521738,1.6956521739130435,0.6956521739130435,1.0,0.782608695652174,0.7391304347826086,22448.88232800099,52449.90873478451,58782.79939414231,inf,0.25938266897239753,1.325598049811506,2.8,2.8,4307548,3178783,3059635,1541806,Benue,3205730,2515408,2.5036877794889993,1.268426245140826,2.1509832184772755,2.092801751912667,1.3490463555423544,1.1079491354455189,1.0,1.1079491354455184,73.79564893995378,50.3918277833794,78.46599682443625,2.6912637017704175,1.0143031937870264,4.9639362679931045,0.7379564893995377,0.26719723454433997,1.9738536545426255,1.0278007539469207,0.9025685096977751,1.2176067586350772,1.0349841175352705,-0.09981868540476416,,-0.1464253842701843,0.5786375763605683,0.0
7,Borno,5582893.072989462,361084,361084,0,1444337,0,681763.2,664057.5,1444337,4044143.6000000006,1240573.1488901526,3473604.8168924265,0.4375,0.48148148148148145,0.0,2.3333333333333335,0.25925925925925924,0.48148148148148145,0.0,0.1111111111111111,22086.8106176892,51603.95890602117,57834.70815277995,4.00000276943869,,0.9740295457425687,2.7999999999999994,2.8000000000000003,1787267,1343261,0,0,Borno,0,0,1.0165844029686761,0.5359999428945326,0.9133667210059563,0.0,0.9912590087632022,1.0900793354016718,0.9999999999999999,1.0900793354016713,75.15726525471572,,,2.585949280811716,,,0.7515726525471571,,1.896612894170974,,0.9173644225000568,0.9093457481220334,0.9389856022318981,,,,-0.014490527988440652,-1.9323488539423455e-15
8,Delta,5511880.253291605,1102375,0,3822032,2537224,1859506,352589.22000000003,187620.0,2537224,7104227.200000001,1859071.2920793747,5205399.6178222485,0.64,0.6,2.76,0.68,0.64,0.6,1.76,0.12,21805.87263811675,50947.57115479981,57099.06703470058,inf,0.4865228757896323,0.5321206360194449,2.8,2.8000000000000003,3601417,3016030,1311054,828254,Delta,2475343,1976371,1.5234110791656827,1.2034830965599366,0.2580587738187394,1.1242474229758308,0.5415332383998208,1.0762138347930799,1.0,1.0762138347930796,83.74564789359299,63.17466709990588,79.84230872246796,1.7259110876954966,0.22652471343331876,4.87836099598709,0.8374564789359299,0.13446617615007447,1.265835044563763,0.22953912861607437,0.9291833719943462,0.5031836805033636,0.1550246888852971,-0.5141352800989285,,-0.16961455479791873,-0.7600311292808083,0.0
9,Ebonyi,2923117.2043881505,584623,0,1237777,1804517,617623,459699.4600000001,482802.5,852442,3120776.7431714996,1059525.8815218748,2966672.4682612494,0.6923076923076923,0.8461538461538461,2.076923076923077,1.4615384615384615,0.6923076923076923,0.8461538461538461,1.0769230769230769,0.5384615384615384,11564.315358105021,27019.041583033082,30281.36634571683,inf,0.4989776025891578,1.0502568351940198,2.8,3.660984258367724,2116584,2070594,437982,434436,Ebonyi,1601246,1555806,0.8682256960505502,0.8262268209661129,0.6640625793978355,0.5896905459532077,1.0688346713420471,0.5707488246330313,1.0,0.5707488246330311,97.82715923393543,99.19037768675425,97.16220992901778,1.4327639644764978,1.111331703634137,3.1657505776243955,0.9782715923393543,0.4167014886039601,1.0508321371549374,1.1261204439430326,1.7520842038403852,1.8726883441753297,-0.11219121885362729,-0.048788449379461335,,-0.6336973921413495,0.11411185581081139,0.0
10,Edo,4328298.7395142345,865659,0,2491768,1216965,1276057,355217.70000000007,286187.5,1216965,3407501.9999999995,2034174.8413865794,6816509.955882421,0.3888888888888889,0.8888888888888888,2.4444444444444446,0.8333333333333334,0.3888888888888889,1.1666666666666667,1.4444444444444444,0.2222222222222222,17123.436416675613,40007.45623581772,44838.02414360222,inf,0.5121090727547669,0.8056679044991282,3.35099511467559,2.8,2511706,2517331,1640482,1419374,Edo,1158324,1117371,1.9949182676543278,1.0044877892283306,0.3936317840968472,1.926616185057841,0.8199192436172823,0.8451154180646218,1.1967839695269966,0.8451154180646215,100.22395137010463,86.52176616384696,96.4644607208346,2.7078322063655595,0.20162938027609353,4.138703259705147,1.1994641836239448,0.27883124015516064,1.9860054935927767,0.20431250767522727,1.4161189630970439,0.9701861143356719,1.0500870049409228,-0.5272284908360981,,-0.3700468640004472,-0.2985319593455248,2.3975245395642166
11,Ekiti,3205702.619693019,641141,0,723997,2564565,122715,466755.2400000001,430797.5,2213951,6588994.858691875,1182154.7749259372,3310033.3697926244,1.0,1.0,1.9375,1.25,1.0,1.0,0.9375,0.3125,12682.268087910323,29631.04327609522,33208.74553939318,inf,0.16949655868739788,0.9229623217513314,2.8000000000000003,2.976124972364734,2534126,2499455,1120454,429824,Ekiti,2534126,2499455,0.9687136201196828,0.9973547488294932,0.5925331767091907,0.5834303538928439,0.939288464281155,0.6259246121114024,1.0000000000000002,0.6259246121114022,98.63183598605593,38.361592711525866,98.63183598605593,1.3243020457630261,1.0022648805092318,3.662222307939881,0.9863183598605596,0.14162521870043546,0.9712829073672894,1.015602244133528,1.59763648952347,1.5006415247240348,-0.2110588104774887,-0.10614999945751408,,-0.4991635794334447,-0.10064558855197031,1.9323488539423455e-15
12,Enugu,4380703.677439814,876140,116634,759506,2947635,198406,466663.26000000007,191568.75,2947635,8253377.999999999,1304478.657298437,5211938.640435625,0.8235294117647058,0.8823529411764706,1.6470588235294117,1.1176470588235294,0.8235294117647058,1.7647058823529411,0.6470588235294118,0.17647058823529413,17330.7586641666,40491.847075446705,45380.90115218292,25.27251916250836,0.26123032602770746,0.41050746099017943,3.9954188681242977,2.8,3419088,3253540,504100,442068,Enugu,2875743,2732265,1.5253247880502083,1.298256447708284,0.2634900156006216,0.6000499964746075,0.4177688660982065,0.8553476648869835,1.4269353100443922,0.8553476648869833,95.1581240377551,87.69450505852014,95.0107502652358,1.6019285579509166,0.4333467928011075,4.099533903190211,1.357844872270568,0.1439969944574542,1.1749025323484825,0.4391134357947984,1.6682518332857463,0.4884199527842354,0.04200940882499807,-0.40536127602515115,,-0.3806609685939171,-0.9652036380070975,5.201581638475194
13,Federal Capital Territory,1889839.120719721,377968,0,545038,581848,293184,532767.76,699342.4,581848,1629174.4,469682.5083325152,1315111.0233310426,0.6666666666666666,1.0,1.3333333333333333,2.0,0.6666666666666666,1.0,0.3333333333333333,1.0,7476.503348986054,17468.215681299287,19577.357576724207,inf,0.5379147875927917,1.3126590092463553,2.8000000000000003,2.8,1474997,726818,98114,76042,Federal Capital Territory,567659,472971,0.3848800957405845,0.2900213781943482,0.9618987433293591,0.10321715625632732,1.335878438222988,0.36899767661627964,1.0000000000000002,0.3689976766162796,49.27589683233254,77.50372016226022,83.31956332939318,1.8094089900512131,9.19679124694248,4.674752574682168,0.4927589683233255,0.4069438260843971,1.3270749147418708,,2.7100441638820927,3.620289565162132,0.23113653172814996,4.203599941601776,,-0.2247883251154793,0.5568082358090667,1.9323488539423455e-15
14,Gombe,3165705.56072805,633142,633142,0,2169064,0,502237.17000000004,895903.4249999999,2169064,6073379.199999999,1729197.4208240623,4841752.778307373,0.9090909090909091,0.9090909090909091,1.0,1.4545454545454546,0.9090909090909091,0.9090909090909091,0.0,1.0,12524.033377864052,29261.341302547524,32794.405124492514,3.425872868961465,,1.7838254086211895,2.799999999999999,2.8,2470795,2350701,0,0,Gombe,2116161,2113088,1.4169862770575377,0.9379976056493269,1.232255299624288,0.0,1.8153792295986366,0.6181150469120444,0.9999999999999997,0.6181150469120442,95.13945916192966,,99.85478420592761,2.059705925299463,,3.9006625374806916,0.9513945916192963,,1.5106502069124492,,1.6178218035554415,2.936960099366354,0.4592926944842345,,,-0.43455109250958923,1.351708888341198,-3.864697707884691e-15
15,Imo,5292001.68963793,1058401,0,1252877,4233600,167779,127506.06000000001,318765.14999999997,4233600,11854080.0,1308923.4845399996,3664985.756711999,1.0,0.8148148148148148,2.037037037037037,0.2962962962962963,1.0,1.6296296296296295,1.037037037037037,0.2962962962962963,20935.998160705745,48915.18324860918,54821.28517649397,inf,0.13391498127908805,2.4999999999999996,2.8,2.8,4130339,3550410,0,0,Imo,4130339,3550410,1.0725939056904388,1.4167161536381814,0.43844016493522286,0.0,2.5442221262587523,1.0332817787061936,1.0,1.0332817787061934,85.95928808749113,,85.95928808749113,1.032271133956923,,4.531217521356688,0.8595928808749113,,0.7570986629438625,,0.9677902200618822,2.4622732914582675,-0.4772572446603016,,,-0.26368342588755833,2.5599606880648333,0.0
16,Jigawa,5848449.440669836,1169688,1169688,0,4678758,0,973731.7000000002,1086278.75,4678758,13100522.399999999,603231.0955756248,1689047.0676117497,1.0,0.6296296296296297,0.9629629629629629,1.4074074074074074,1.0,0.6296296296296297,0.0,0.48148148148148145,23137.393733753997,54058.557213001164,60585.678809411715,4.000005129573014,,1.1155832248246615,2.8000000000000003,2.8,4564646,4504331,4865654,2763568,Jigawa,4564646,4504331,0.49431613419692555,1.7973581893452373,1.4941038388783334,3.7511852671022066,1.1353166097127987,1.1419301419652477,1.0000000000000002,1.1419301419652472,98.67864890289411,56.79746237607524,98.67864890289411,0.37498289260086565,0.3930711131406935,3.9471522852117213,0.9867864890289414,0.25344918495743757,0.2750237193271981,0.3983017986292449,0.875710311209592,0.9942084616130132,-1.0764030664968949,-0.42654347744604226,,-0.4219533097312834,0.22432342822740536,1.9323488539423455e-15
17,Kaduna,8158851.435397267,1631769,345762,1286007,5239951,232760,1455137.1500000001,1619002.5,5239951,14671862.799999999,2288174.8980099997,6406889.714427998,0.782608695652174,0.6956521739130435,1.608695652173913,1.608695652173913,0.782608695652174,0.6956521739130435,0.6086956521739131,0.6086956521739131,32277.71052670155,75414.1318288091,84519.76161087787,15.154791446139251,0.18099434917539328,1.1126116187742165,2.8,2.8,5341918,4738956,3935182,2580662,Kaduna,4660551,4307065,1.8750389000942138,1.8909803421521971,2.226829762069468,3.5029140856206595,1.132292439367172,1.5930441858841626,1.0,1.593044185884162,88.71263093143699,65.57922861001092,92.41536032971209,1.3519622706832473,0.6273593752300767,4.623058579334186,0.8871263093143699,0.2918568468069947,0.9915697473407684,0.6357077871851116,0.6277289788073178,0.7107727766752014,-0.18584535441775452,-0.30332417488004226,,-0.23879635389860737,0.21931005802167475,0.0
18,Kano,12620009.052081145,2524000,1746624,777376,10096005,0,2013838.6199999994,1957207.5,10096005,28268813.999999993,1023116.2208674997,2864725.418428999,1.0,0.4090909090909091,1.3863636363636365,1.5681818181818181,1.0,0.4090909090909091,0.38636363636363635,0.5681818181818182,49926.75773702137,116649.63308503614,130734.1070069482,5.780296732439266,0.0,0.9718790177933923,2.8,2.7999999999999994,9849760,9128367,2162576,1156898,Kano,9849760,9128367,0.8383898954194199,3.642482131708086,2.692008141769749,1.5703390447204515,0.9890704404466291,2.4641007628844593,1.0,2.4641007628844585,92.67603474602427,53.496293309460576,92.67603474602427,0.31382671385024274,1.691771876172316,4.202812945623242,0.9267603474602427,0.20796769998874307,0.2301699404703105,1.7142846640796443,0.4058275599206452,0.4013920434360931,-1.1321494904741929,0.2564826410439973,,-0.35267443380671426,-0.018118664613541998,0.0
19,Katsina,7790373.415774969,1558072,1332898,225174,5475366,47336,1268644.1100000003,1465557.5,5475366,15331024.799999999,0.0,0.0,0.8823529411764706,0.0,1.1176470588235294,1.411764705882353,0.8823529411764706,0.0,0.11764705882352941,0.5294117647058824,30819.953028970907,72008.20512848288,80702.59756224624,4.107865718156979,0.21021965235773224,1.1552156262326396,,2.8,5163633,4760206,3366089,2494260,Katsina,5163633,4760206,0.0,1.8994597060185705,2.015776417284176,3.3856345725244865,1.1756500627443771,1.5210975679768064,,1.521097567976806,92.18714807965632,74.09964501829869,92.18714807965632,0.0,0.5875720654623015,4.370901343345224,,0.34240427129372086,0.0,0.5953910187599246,,0.7728958927388827,0.0,-0.32424952776303173,,-0.3071258725560443,0.29118690105233064,
20,Kebbi,4355594.603091137,871118,768345,102773,3413494,0,1235280.5500000003,1426153.75,3413494,9557783.2,506139.97455531236,1417191.9287548745,0.9523809523809523,0.42857142857142855,1.0952380952380953,1.8571428571428572,0.9523809523809523,0.42857142857142855,0.09523809523809523,0.7619047619047619,17231.423182961018,40259.75815238883,45120.78942015496,4.442657920595566,0.0,1.1545180971237665,2.8,2.8,3330237,3153120,3805191,2843876,Kebbi,3330237,3153120,0.41475507051898397,1.2581859667924613,1.9615791919944405,3.860192965277335,1.1749401951473755,0.8504450305859649,1.0,0.8504450305859645,94.68154969150844,74.73674777429044,94.68154969150844,0.4494570231246748,0.501482395856922,4.113791165575684,0.9468154969150844,0.3451397113023707,0.32964528413580546,0.5081557346067831,1.1758549512729715,1.381559245913672,-1.0085167704539355,-0.3695266959502506,,-0.37679753841174773,0.29001010588073295,0.0
21,Kogi,4409200.52673677,881840,0,1280967,2074504,516030,221467.84999999998,206777.5,1902195,5730317.421590999,2470033.7117899996,6916094.393012,0.5238095238095238,1.0,1.8571428571428572,0.47619047619047616,0.5238095238095238,1.0,0.8571428571428571,0.14285714285714285,17443.496720474323,40755.24997800019,45676.10776653434,inf,0.4028441013702929,0.9336682502674768,2.8000000000000007,3.0124763347559,3441336,3373760,2843863,1821094,Kogi,2023919,1980579,2.024062626584286,1.3462277006031278,0.28440863502454095,2.4718990025967247,0.9501837683663237,0.8609117740570046,1.0000000000000002,0.8609117740570041,98.03634402453001,64.0359257812349,97.85860995425212,2.049966326298255,0.113545758758197,3.9406766514191047,0.9803634402453003,0.23915324311369435,1.5035068923908483,0.11505673764412311,1.1615592098218726,1.1036947071691554,0.45041464117249647,-0.5735543388070135,,-0.4237080757141668,-0.08258371152776403,3.864697707884691e-15
22,Kwara,3188851.0973933283,637770,0,1073543,1403986,462938,520153.09,546347.5,1403986,3931160.7999999993,2224373.940202812,6228247.032567874,0.6875,1.0,1.8125,1.3125,0.6875,1.0,0.8125,0.375,12615.6007925158,29475.280797235584,33034.176035483484,inf,0.4312244595698542,1.0503590394897009,2.8,2.7999999999999994,2488858,2360448,2650826,808684,Kwara,1369743,1350398,1.8227573730764206,0.9418869402189995,0.7514644810197937,1.0976836852001763,1.0689386835142352,0.6226342936351582,1.0,0.622634293635158,94.8406056110875,30.50686842516257,98.58769126763195,2.6385868413825992,0.675600729085774,3.9507958394488134,0.9484060561108749,0.12817266006756975,1.9352188625235727,0.6845910995595738,1.6060792189290576,1.7168002059015972,0.9869669481672062,-0.27795258381556615,,-0.42096598011432307,0.11428428377137113,0.0
23,Lagos,12122195.764008729,2424442,0,3045945,3493789,1627242,486822.6000000001,1217056.5000000002,3493789,9782609.2,0.0,0.0,0.3,0.0,1.75,0.4,0.3,0.0,0.75,0.4,47957.329400695184,112048.2308864437,125577.12372716144,inf,0.5342322333463014,2.5,,2.8,0,0,0,0,Lagos,0,0,0.0,0.0,1.6739798958433356,0.0,2.5442221262587528,2.3669009829278056,,2.366900982927805,,,,,,,,,,,,1.0749170094608709,,,,,2.559960688064834,
24,Nasarawa,2505897.7239975194,501179,139007,362172,0,211267,526402.67,810313.6749999999,0,0.0,1184006.0,3315216.8,0.0,0.5384615384615384,1.3076923076923077,1.7692307692307692,0.0,0.5384615384615384,0.3076923076923077,1.0,9913.72890965918,23162.586401214434,25959.276245014626,0.0,0.5833333333333334,1.5393418787180542,2.8,,0,0,204538,218842,Nasarawa,0,0,0.9702306016361377,0.0,1.1145323173385377,0.29704964242717424,1.5665710670844764,0.48928526658976074,1.0,0.4892852665897606,,106.9933215343848,,,3.7027338216612895,,,0.658797202324099,,3.7520069313390287,2.043797490510676,3.201754015613884,,1.3141085169633968,,,0.9392428939255929,0.0
25,Niger,5312645.733090111,1062532,0,1484879,3336640,448220,1508077.9,1911407.5,3336640,9342592.0,2089576.4287384371,5850814.000467622,0.76,0.84,2.0,2.0,0.76,0.84,1.0,0.92,21017.669271391645,49106.000868798714,55035.142438766576,inf,0.3018562455257297,1.2674461312641743,2.799999999999999,2.8,3948925,3862941,861226,972718,Niger,3255258,3169754,1.712297906952824,1.5414250509803742,2.6290133019824222,1.3203385734113016,1.2898657964013471,1.0373126001588258,0.9999999999999997,1.0373126001588253,97.82259728913564,112.94573085345773,97.37335719626525,1.5146009220610985,1.9650170964246576,4.000068144089415,0.9782259728913562,0.5726105184520788,1.1108538205368932,1.991166019780786,0.9640295508286387,1.2434687443340149,-0.03759339688822425,0.4001905894009727,,-0.4076141806070416,0.4805299904618224,-3.864697707884691e-15
26,Ogun,5013877.335894972,1002774,0,1356327,2743759,508144,964551.08,918126.25,2473633,7415933.859448627,1795400.013970937,5027120.039118622,0.7,0.9,1.9,1.65,0.7,0.9,0.9,0.6,19835.694098102842,46344.416168947006,51940.11933315616,inf,0.37464711680885215,0.9518689772240989,2.7999999999999994,2.9979927739679355,1715100,1052204,4223093,619682,Ogun,1049308,866494,1.4712358178358487,0.41985979188958716,1.2628213105521657,0.8411379740568821,0.9687064452611365,0.9789770290497936,0.9999999999999999,0.9789770290497932,61.34942568946418,14.67365269957351,82.57766070591285,4.7777047408284155,1.4816087122104564,11.725058522561756,0.6134942568946417,0.055869579149138704,3.5041121971087614,1.5013248117445799,1.0214744272096066,0.9895088613073733,2.936862703528142,0.1459514592532314,,1.68570220638513,-0.05187742654315013,-1.9323488539423455e-15
27,Ondo,4627794.721563291,925558,0,1244720,3322211,363509,342403.85000000003,170368.75,3132499,9035838.470743874,1302051.8899312497,3645745.291807499,0.9444444444444444,0.7777777777777778,1.8888888888888888,0.7777777777777778,0.9444444444444444,0.7777777777777778,0.8888888888888888,0.1111111111111111,18308.29003106416,42775.766169058516,47940.58449865168,inf,0.2920407802558005,0.49756668915959906,2.8,2.8845463225188177,3611935,3279754,1794053,653626,Ondo,3241181,3144954,1.0669629955671394,1.3087165909738425,0.23433083211827818,0.887212553262647,0.5063680719396653,0.9035930526528639,1.0,0.9035930526528637,90.80323981466998,36.432925894608466,97.03111304182025,1.111591080247939,0.2606517335601705,3.9294849688561024,0.9080323981466998,0.07251124125510944,0.8152742946226352,0.2641202846561931,1.1066928824475737,0.5603939411143284,-0.4049537841411882,-0.4961868452043019,,-0.4267407956735903,-0.8183267864900162,0.0
28,Osun,4604273.960916048,920854,0,1961396,3318199,707220,496795.31,229112.5,2996086,8930587.64285275,1528309.1930615618,4279265.740572372,0.9,0.9333333333333333,2.3333333333333335,1.0333333333333334,0.9,0.9333333333333333,1.3333333333333333,0.13333333333333333,18215.238170817538,42558.35839319568,47696.926540352964,inf,0.36056971667118726,0.4611808835312878,2.8,2.9807514346559976,1207268,1110835,203487,76834,Osun,1207268,1110835,1.2523689473449957,0.4432552546119094,0.3151289351697363,0.1042921935745858,0.4693386432351453,0.8990005421391781,1.0,0.8990005421391779,92.01229553007286,37.75867745851087,92.01229553007286,3.8522964621859885,2.9819155582164147,11.026648100620479,0.9201229553007286,0.06965432092515585,2.8253899628138712,3.0215965775460276,1.1123463814832562,0.5220671414928746,2.0933142132984917,0.9350083311221296,,1.4964470863826491,-0.879712956376554,0.0
29,Oyo,7520065.55587853,1504014,0,4412777,1989015,2294283,693760.8000000002,261898.75,1918883,5498845.885040375,1259846.9977934372,3527571.593821624,0.30303030303030304,0.8484848484848485,2.3636363636363638,0.9696969696969697,0.30303030303030304,0.8484848484848485,1.3636363636363635,0.12121212121212122,29750.572255964515,69509.68769107097,77902.40490511875,inf,0.5199181830398409,0.3775058348641202,2.8,2.8656493830214638,4573409,1608554,0,0,Oyo,1084278,730666,1.0323783077438866,0.6418595136334427,0.3602242313701128,0.0,0.384183479141231,1.4683190159935462,1.0,1.4683190159935458,35.171881631404496,,67.38733055544796,2.1930078777719766,,10.247994138279838,0.35171881631404495,,1.6084178637468383,,0.6810509086292428,0.26164850754947905,0.5808030195461764,,,1.2854475874439353,-1.0208803886774191,0.0
30,Plateau,4275014.244297596,855003,855003,0,0,0,719290.0,748666.25,0,0.0,996009.0,2788825.2,0.0,0.35294117647058826,1.0,1.5294117647058822,0.0,0.35294117647058826,0.0,0.5294117647058824,16912.634501015982,39514.935446768264,44286.03556176245,0.0,,1.0408406206119925,2.8000000000000003,,0,0,600172,636528,Plateau,0,0,0.8161769545973652,0.0,1.0297404033390565,0.8640042349954962,1.0592518947479692,0.8347114346148967,1.0000000000000002,0.8347114346148965,,106.05759682224429,,,1.1761717473543976,,,0.4415562195883249,,1.1918233286720223,1.198018810490312,1.2690036949555707,,-0.014687103907397697,,,0.09822584372343102,1.9323488539423455e-15
31,Rivers,6973786.50924675,1394758,0,3333820,3149559,1619214,0.0,0.0,2232095,6249865.999999999,0.0,0.0,0.5652173913043478,0.0,2.3043478260869565,0.0,0.5652173913043478,0.0,1.3043478260869565,0.0,27589.40569059678,64460.30538962705,72243.3516474481,inf,0.48569328877983814,,,2.7999999999999994,0,0,0,0,Rivers,0,0,0.0,0.0,0.0,0.0,,1.3616561277184236,,1.3616561277184231,,,,,,,,,,,,,,,,,,
32,Sokoto,4972052.638349735,994410,787569,206841,3376672,0,1062223.78,1235176.25,3376672,9454681.600000001,196134.0,549175.2,0.8695652173913043,0.043478260869565216,1.2173913043478262,1.6956521739130435,0.8695652173913043,0.043478260869565216,0.21739130434782608,0.6521739130434783,19670.228959912558,45957.82091355455,51506.84591299878,4.287461796998104,0.0,1.1628211241891044,2.8,2.8000000000000003,3294314,3088193,4425271,2725628,Sokoto,3294314,3088193,0.16072149028070992,1.2322782181923655,1.6989024012633442,3.699686635972501,1.1833900932171986,0.970810611046184,1.0,0.9708106110461838,93.74312831138744,61.592340898444405,93.74312831138744,0.17783059543234506,0.45317125080898785,4.154971402370254,0.9374312831138744,0.28648350033987074,0.13042630138871805,0.4592017023130312,1.030067027102599,1.2189711152229068,-1.256115660883651,-0.3949349923193629,,-0.3656385258720662,0.3040180691841144,0.0
33,Taraba,3066996.1005836683,613402,148546,464856,1967497,170135,351953.2100000001,158291.25,1967497,5508991.6,1779925.0,4983789.999999999,0.8125,0.8125,1.5,1.125,0.8125,1.0,0.5,0.125,12133.523095134264,28348.947162389177,31771.846973237814,13.245035207949053,0.36599506083604383,0.44975083477715677,2.7999999999999994,2.8,2393753,2244743,1043261,519708,Taraba,1919508,1784038,1.4585548583513952,0.8957173027527053,0.21771903784903276,0.7054362305523706,0.45770641005735474,0.5988416807011404,0.9999999999999999,0.5988416807011402,93.77504696599857,49.81572204846151,92.94246233930778,2.2202051637982607,0.30457728185827426,4.1907675733364425,0.9377504696599857,0.08961865030528951,1.628365170427082,0.3086303600802505,1.6698904438802131,0.7643195602574948,0.6055944873721095,-0.4730850671730296,,-0.3559384864410898,-0.8989964902303861,-1.9323488539423455e-15
34,Yobe,3122281.7903707856,569081,569081,0,1434207,0,569652.9800000001,649103.75,1434207,4015779.6000000006,646274.7166968748,1809569.2067512497,0.6470588235294118,0.7058823529411765,0.8823529411764706,1.5294117647058822,0.6470588235294118,0.7058823529411765,0.0,0.5294117647058824,12352.242053966575,28859.965451037464,32344.56647405228,2.5202159270824365,,1.1394722274603037,2.8000000000000003,2.8000000000000003,2271794,1620425,0,0,Yobe,1475954,1184774,0.5295881162789998,0.6465963855608649,0.8927988370437349,0.0,1.1596281813447404,0.609636404367251,1.0000000000000002,0.6096364043672508,71.32799012586528,,80.27174288629591,1.1167250608644335,,4.600022113922149,0.7132799012586529,,0.8190397102508225,,1.6403219900194654,1.902163606106057,-0.4002739453091157,,,-0.24503877080566014,0.2646263526477583,1.9323488539423455e-15
35,Zamfara,4384130.454163995,876826,828781,48045,3507304,0,1069727.3,1534443.75,3507304,9820451.2,238508.35720499992,667823.4001739997,1.0,0.42857142857142855,1.0714285714285714,2.0,1.0,0.42857142857142855,0.07142857142857142,1.0,17344.31553648111,40523.521557286644,45416.40006451326,4.2318827289718275,0.0,1.4344251567665889,2.8,2.8,3421764,3024219,0,0,Zamfara,3421764,3024219,0.19544504580741473,1.206750744122371,2.110524851395524,0.0,1.4597984889230942,0.8560167549886974,1.0,0.8560167549886972,88.3818697022939,,88.3818697022939,0.22082507919366942,,4.407007296759923,0.883818697022939,,0.16195974749496037,,1.1682014331754569,1.7053386869073244,-1.2169243842308493,,,-0.2973418883375536,0.7622388230678051,0.0
